fullName,year,age,team_name_abbr,comp_name_abbr,b_war,b_games,b_pa,b_ab,b_r,b_h,b_doubles,b_triples,b_hr,b_rbi,b_sb,b_cs,b_bb,b_so,b_batting_avg,b_onbase_perc,b_slugging_perc,b_onbase_plus_slugging,b_onbase_plus_slugging_plus,b_roba,b_rbat_plus,b_tb,b_gidp,b_hbp,b_sh,b_sf,b_ibb,pos,salary
Aaron Judge,2024,32,NYY,AL,10.8,158,704,559,122,180,36,1,58,144,10,0,133,171,0.322,0.458,0.701,1.159,225,0.484,223,392,22,9,0,2,20,*8D/97,40000000
Aaron Schunk,2024,26,COL,NL,0.2,39,98,94,14,22,3,0,2,7,0,1,4,31,0.234,0.265,0.33,0.595,59,0.26,55,31,0,0,0,0,1,45/H6D,0
Abraham Toro,2024,27,OAK,AL,0.6,94,364,337,34,81,17,1,6,26,4,2,20,62,0.24,0.293,0.35,0.643,87,0.285,85,118,4,5,2,0,1,54DH/37,0
Adael Amador,2024,21,COL,NL,-0.4,10,36,35,1,6,1,0,0,0,1,0,1,6,0.171,0.194,0.2,0.394,7,0.21,10,7,1,0,0,0,0,4,0
Adam Frazier,2024,32,KCR,AL,0.3,104,294,262,35,53,10,1,4,22,3,0,22,59,0.202,0.282,0.294,0.576,64,0.269,64,77,0,7,3,0,0,4H9D7/53,1530000
Addison Barger,2024,24,TOR,AL,0.4,69,225,208,20,41,11,0,7,28,2,0,14,60,0.197,0.25,0.351,0.601,68,0.272,70,73,1,1,0,1,0,59H7/D,0
Adley Rutschman,2024,26,BAL,AL,3.4,148,638,571,68,143,21,1,19,79,1,0,58,103,0.25,0.318,0.391,0.709,106,0.313,107,223,9,2,0,7,3,2D/H,5500000
Akil Baddoo,2024,25,DET,AL,-0.5,31,82,73,7,10,2,2,2,5,1,0,8,27,0.137,0.22,0.301,0.521,47,0.23,39,22,0,0,0,1,0,7/89H,0
Alan Trejo,2024,28,COL,NL,-0.8,28,67,63,4,9,0,0,0,1,0,0,2,15,0.143,0.182,0.143,0.325,-11,0.154,-27,9,2,1,1,0,0,4/5H6D,0
Alec Bohm,2024,27,PHI,NL,3,143,606,554,62,155,44,2,15,97,5,2,40,86,0.28,0.332,0.448,0.779,114,0.34,117,248,18,6,0,6,2,*53/DH,7700000
Alec Burleson,2024,25,STL,NL,1.2,152,595,547,71,147,20,0,21,78,9,4,35,76,0.269,0.314,0.42,0.735,104,0.325,105,230,8,4,1,6,0,D97H3,0
Alejandro Kirk,2024,25,TOR,AL,2,103,386,340,23,86,19,1,5,54,0,0,35,51,0.253,0.319,0.359,0.677,92,0.303,94,122,11,2,0,9,1,2/HD,4600000
Alek Thomas,2024,24,ARI,NL,0,39,103,95,13,18,5,1,3,17,4,1,7,17,0.189,0.245,0.358,0.603,66,0.283,71,34,7,0,1,0,0,8/HD,0
Alex Bregman,2024,30,HOU,AL,4.1,145,634,581,79,151,30,2,26,75,3,1,44,86,0.26,0.315,0.453,0.768,117,0.334,117,263,13,5,0,4,1,*5/D,40000000
Alex Verdugo,2024,28,NYY,AL,0.8,149,621,559,74,130,28,1,13,61,2,1,49,93,0.233,0.291,0.356,0.647,84,0.288,81,199,14,1,2,10,0,*79/8,1500000
Alexander Canario,2024,24,CHC,NL,0.3,15,28,25,4,7,1,0,1,2,1,0,2,11,0.28,0.357,0.44,0.797,125,0.35,120,11,0,1,0,0,0,7/9HD,0
Amed Rosario,2024,28,3TM,2LG,-0.1,103,346,332,29,93,18,3,3,32,13,5,9,73,0.28,0.306,0.38,0.686,94,0.312,98,126,10,4,0,1,0,49DH56,2000000
Andrew Benintendi,2024,29,CHW,AL,-0.8,135,522,477,50,109,20,0,20,64,3,2,41,96,0.229,0.289,0.396,0.685,93,0.299,92,189,12,1,0,3,1,*7H/D8,15000000
Andrew Knizner,2024,29,TEX,AL,-0.9,35,93,90,5,15,1,0,1,9,0,0,1,22,0.167,0.183,0.211,0.394,14,0.183,9,19,2,1,0,1,0,2/1D,0
Andrew McCutchen,2024,37,PIT,NL,0.8,120,515,448,66,104,18,1,20,50,3,2,58,133,0.232,0.328,0.411,0.739,105,0.332,110,184,9,7,0,2,1,*D/9H,5000000
Andrew Vaughn,2024,26,CHW,AL,0.2,149,619,570,55,140,30,1,19,70,2,0,38,132,0.246,0.297,0.402,0.699,97,0.305,96,229,13,6,0,5,0,*3D/H,5850000
Andruw Monasterio,2024,27,MIL,NL,-0.2,59,142,125,14,26,5,0,1,16,6,2,16,40,0.208,0.303,0.272,0.575,64,0.267,60,34,3,1,0,0,0,54H/3D7,0
Andrés Chaparro,2024,25,WSN,NL,-0.1,33,132,121,12,26,12,0,4,15,1,1,7,24,0.215,0.28,0.413,0.694,95,0.305,97,50,3,4,0,0,0,D3,0
Andy Pages,2024,23,LAD,NL,1.3,116,443,403,65,100,23,1,13,46,1,2,29,108,0.248,0.305,0.407,0.712,100,0.31,101,164,8,6,0,4,0,*89/H7D,0
Anthony Volpe,2024,23,NYY,AL,3.4,160,689,637,90,155,27,7,12,60,28,7,42,156,0.243,0.293,0.364,0.657,86,0.296,84,232,9,4,2,3,1,*6/H,0
Aramis Garcia,2024,31,PHI,NL,-0.1,3,7,7,0,0,0,0,0,0,0,0,0,3,0,0,0,0,-100,0,-129,0,1,0,0,0,0,/2,0
Austin Barnes,2024,34,LAD,NL,0.7,54,156,140,12,37,3,0,1,11,3,0,14,36,0.264,0.331,0.307,0.638,83,0.294,85,43,3,0,2,0,0,2/HD4,3500000
Austin Hays,2024,28,2TM,2LG,-0.1,85,255,235,26,60,18,0,5,20,2,2,9,59,0.255,0.303,0.396,0.699,99,0.306,101,93,2,8,1,2,1,7H/9D,5000000
Austin Hedges,2024,31,CLE,AL,-0.6,66,146,132,12,20,3,0,2,15,2,0,6,50,0.152,0.203,0.22,0.422,21,0.199,14,29,2,3,3,2,0,1-Feb,4000000
Austin Riley,2024,27,ATL,NL,2.9,110,469,425,63,109,26,2,19,56,0,0,37,118,0.256,0.322,0.461,0.783,114,0.343,117,196,6,5,0,2,0,*5,21200000
Austin Slater,2024,31,3TM,2LG,-0.2,84,212,177,24,37,4,0,2,18,3,2,26,60,0.209,0.321,0.266,0.586,72,0.279,81,47,5,5,0,4,0,9H78/D,1750000
Austin Wells,2024,24,NYY,AL,2.5,115,414,354,42,81,18,1,13,55,1,2,47,87,0.229,0.322,0.395,0.718,104,0.318,104,140,9,5,1,7,0,*2H/D,0
Austin Wynns,2024,33,CIN,NL,0.4,7,20,19,3,7,4,0,0,2,0,0,0,5,0.368,0.4,0.579,0.979,162,0.409,160,11,0,1,0,0,0,/2H,0
Ben Rice,2024,25,NYY,AL,-0.4,50,178,152,20,26,6,0,7,23,0,1,20,48,0.171,0.264,0.349,0.613,73,0.275,74,53,2,1,0,5,0,3/H2,0
Ben Rortvedt,2024,26,TBR,AL,0.9,112,328,290,27,66,13,0,3,31,1,0,34,88,0.228,0.317,0.303,0.621,80,0.287,83,88,6,4,0,0,0,*2H/1,1130000
Billy Cook,2024,25,PIT,NL,0.6,16,49,49,5,11,2,0,3,8,1,0,0,19,0.224,0.224,0.449,0.673,82,0.287,73,22,0,0,0,0,0,/3897,0
Billy McKinney,2024,29,PIT,NL,0,10,28,25,4,5,1,0,0,2,0,0,2,13,0.2,0.286,0.24,0.526,49,0.247,48,6,1,1,0,0,0,/79H8,0
Blake Dunn,2024,25,CIN,NL,-0.2,19,29,26,8,4,1,0,1,1,2,0,2,11,0.154,0.241,0.308,0.549,48,0.263,44,8,1,1,0,0,0,7/H89D,0
Blake Sabol,2024,26,SFG,NL,0.3,11,38,32,3,10,2,0,0,1,0,0,5,9,0.313,0.421,0.375,0.796,132,0.35,132,12,0,1,0,0,1,/2DH,0
Blaze Alexander,2024,25,ARI,NL,0,61,185,166,19,41,7,0,3,21,3,1,15,49,0.247,0.321,0.343,0.664,86,0.301,87,57,1,3,1,0,0,64D/H5,0
Bo Bichette,2024,26,TOR,AL,-0.3,81,336,311,29,70,16,1,4,31,5,1,20,64,0.225,0.277,0.322,0.598,70,0.269,68,100,12,3,0,2,1,6,11200000
Bo Naylor,2024,24,CLE,AL,0.7,123,389,354,39,71,10,2,13,39,6,3,29,122,0.201,0.264,0.35,0.614,74,0.272,71,124,3,2,2,2,1,*2H/D,0
Bobby Dalbec,2024,29,BOS,AL,-0.8,37,93,83,6,11,2,0,1,8,3,0,8,43,0.133,0.217,0.193,0.41,17,0.196,4,16,1,1,1,0,0,35/H9D,0
Brandon Lockridge,2024,27,SDP,NL,0,12,12,12,4,2,0,0,1,1,2,0,0,4,0.167,0.167,0.417,0.583,56,0.275,42,5,0,0,0,0,0,/7H9D8,0
Brandon Lowe,2024,29,TBR,AL,2.4,107,425,385,56,94,19,3,21,58,5,1,33,112,0.244,0.311,0.473,0.783,121,0.339,120,182,7,5,0,2,2,4D3H,4857142.857
Brandon Nimmo,2024,31,NYM,NL,2.2,151,663,571,88,128,25,3,23,90,15,0,77,158,0.224,0.327,0.399,0.727,108,0.331,111,228,7,12,0,3,1,*78/DH,20250000
Brayan Rocchio,2024,23,CLE,AL,1.9,143,442,383,50,79,18,0,8,36,10,6,44,90,0.206,0.298,0.316,0.614,76,0.281,78,121,11,8,2,5,1,*6/H,0
Brendan Donovan,2024,27,STL,NL,2.6,153,652,587,65,163,34,3,14,73,5,5,47,81,0.278,0.342,0.417,0.759,112,0.332,112,245,4,13,0,5,0,74/5DH9,2850000
Brent Rooker,2024,29,OAK,AL,5.6,145,614,546,82,160,26,2,39,112,11,3,59,177,0.293,0.365,0.562,0.927,165,0.399,166,307,5,5,0,4,4,*D/79H,12000000
Brett Baty,2024,24,NYM,NL,0.3,50,171,153,15,35,3,0,4,16,0,0,16,42,0.229,0.306,0.327,0.633,83,0.287,83,50,3,1,1,0,1,5/H,0
Brett Sullivan,2024,30,SDP,NL,0,7,17,16,1,3,0,0,1,2,0,0,1,4,0.188,0.235,0.375,0.61,67,0.253,54,6,0,0,0,0,0,/23H,0
Brett Wisely,2024,25,SFG,NL,0.5,91,272,252,25,60,13,1,4,31,2,3,13,65,0.238,0.278,0.345,0.623,78,0.271,77,87,3,2,2,3,0,46H/538,0
Brewer Hicklen,2024,28,MIL,NL,-0.2,3,5,5,0,0,0,0,0,0,1,0,0,4,0,0,0,0,-100,0.049,-130,0,0,0,0,0,0,/9H,0
Brooks Baldwin,2024,23,CHW,AL,0,33,121,114,9,24,6,0,2,8,4,0,6,31,0.211,0.25,0.316,0.566,60,0.263,60,36,1,0,1,0,0,6-Apr,0
Bryan Reynolds,2024,29,PIT,NL,3.6,156,692,622,73,171,29,3,24,88,10,2,57,156,0.275,0.344,0.447,0.791,119,0.355,125,278,7,10,0,3,3,*7D9,13343750
Bryson Stott,2024,26,PHI,NL,2.5,148,571,506,65,124,19,2,11,57,32,3,53,93,0.245,0.315,0.356,0.671,86,0.309,87,180,9,3,0,9,1,*46H/D,3200000
Buddy Kennedy,2024,25,2TM,2LG,0.2,14,26,21,3,4,1,0,1,6,1,0,4,7,0.19,0.308,0.381,0.689,93,0.311,90,8,0,0,0,1,0,/H45D,0
Byron Buxton,2024,30,MIN,AL,3.6,102,388,355,62,99,27,3,18,56,7,2,20,99,0.279,0.335,0.524,0.859,137,0.369,136,186,3,11,0,2,1,8/HD,14285714.29
Cal Raleigh,2024,27,SEA,AL,4.7,153,628,546,73,120,16,0,34,100,6,1,70,176,0.22,0.312,0.436,0.748,119,0.324,117,238,7,6,0,6,4,*2D/H,17500000
Cal Stevenson,2024,27,PHI,NL,-0.1,18,27,24,2,6,3,0,0,6,0,0,3,4,0.25,0.333,0.375,0.708,97,0.311,96,9,1,0,0,0,0,8/H97,0
Carlos Correa,2024,29,MIN,AL,3.7,86,367,319,55,99,20,2,14,54,0,0,40,61,0.31,0.388,0.517,0.905,152,0.393,155,165,5,3,0,4,4,6/DH,33333333.33
Carlos Santana,2024,38,MIN,AL,2.5,150,594,521,63,124,26,0,23,71,4,0,65,99,0.238,0.328,0.42,0.749,109,0.329,108,219,11,6,0,2,3,*3/HD,12000000
Casey Schmitt,2024,25,SFG,NL,0.2,40,113,107,11,27,4,1,6,16,0,0,4,25,0.252,0.283,0.477,0.76,113,0.321,110,51,2,1,0,1,0,46/5HD,0
Cavan Biggio,2024,29,3TM,2LG,0.1,78,224,188,27,37,5,0,5,19,2,0,24,72,0.197,0.314,0.303,0.617,77,0.286,80,57,1,8,2,0,0,453H9/D,0
Ceddanne Rafaela,2024,23,BOS,AL,2.8,152,571,544,70,134,23,5,15,75,19,10,15,151,0.246,0.274,0.39,0.664,84,0.299,85,212,8,7,2,3,1,864/5H9,6250000
Cedric Mullins,2024,29,BAL,AL,2.6,147,499,444,69,104,16,3,18,54,32,6,41,98,0.234,0.305,0.405,0.71,105,0.322,107,180,1,5,2,2,0,*8H/D,8730000
Chadwick Tromp,2024,29,ATL,NL,0.2,19,54,52,3,13,6,0,0,6,0,0,1,17,0.25,0.259,0.365,0.625,71,0.282,73,19,2,0,0,1,0,2,0
Chas McCormick,2024,29,HOU,AL,-0.6,94,267,242,32,51,6,1,5,27,8,2,17,72,0.211,0.271,0.306,0.576,65,0.274,71,74,3,4,1,3,0,798/H,3400000
Christian Encarnacion-Strand,2024,24,CIN,NL,-1,29,123,116,13,22,6,0,2,16,0,0,4,35,0.19,0.22,0.293,0.513,38,0.222,25,34,4,1,0,2,0,3,0
Christian Yelich,2024,32,MIL,NL,2.2,73,315,270,44,85,12,3,11,42,21,1,40,58,0.315,0.406,0.504,0.909,154,0.404,151,136,3,2,1,1,3,7D,23888888.89
Christopher Morel,2024,25,2TM,2LG,-0.6,152,611,535,56,105,11,3,21,60,8,7,61,159,0.196,0.288,0.346,0.634,80,0.282,80,185,15,10,0,5,3,5D47/H,0
CJ Abrams,2024,23,WSN,NL,3.4,138,602,541,79,133,29,6,20,65,31,12,40,128,0.246,0.314,0.433,0.747,110,0.324,108,234,4,16,1,4,3,*6/H,0
CJ Alexander,2024,27,KCR,AL,-0.2,4,8,8,0,1,0,0,0,0,0,0,0,3,0.125,0.125,0.125,0.25,-28,0.112,-48,1,0,0,0,0,0,/5DH,0
Coby Mayo,2024,22,BAL,AL,-0.7,17,46,41,4,4,0,0,0,0,0,0,4,22,0.098,0.196,0.098,0.293,-10,0.153,-7,4,1,1,0,0,0,5/H3,0
Cody Bellinger,2024,28,CHC,NL,2.2,130,569,516,72,137,23,3,18,78,9,2,45,89,0.266,0.325,0.426,0.751,111,0.326,108,220,10,3,0,5,7,98D3/7,20000000
Colt Keith,2024,22,DET,AL,1.1,148,556,516,54,134,15,4,13,61,7,1,36,110,0.26,0.309,0.38,0.689,96,0.308,95,196,4,2,0,2,2,*4DH,4773333.333
Colton Cowser,2024,24,BAL,AL,3.1,153,561,499,77,121,24,3,24,69,9,4,52,172,0.242,0.321,0.447,0.768,121,0.329,119,223,9,7,0,3,2,*789H/D,0
Connor Joe,2024,31,PIT,NL,0.6,123,416,364,49,83,22,1,9,36,2,2,44,91,0.228,0.32,0.368,0.688,92,0.306,92,134,7,6,0,2,1,39H/7D,1000000
Connor Norby,2024,24,2TM,2LG,0.2,45,194,178,32,42,9,0,9,20,3,3,15,64,0.236,0.294,0.438,0.732,101,0.309,93,78,2,0,0,1,0,54/D,0
Connor Wong,2024,28,BOS,AL,1.5,126,487,447,54,125,24,1,13,52,8,7,28,114,0.28,0.333,0.425,0.758,112,0.327,107,190,7,9,1,2,1,23DH/47,0
Cooper Hummel,2024,29,HOU,AL,-0.1,6,8,8,0,0,0,0,0,0,1,0,0,2,0,0,0,0,-100,0.143,-42,0,1,0,0,0,0,/H7D,0
Corey Seager,2024,30,TEX,AL,5,123,533,475,68,132,21,0,30,74,1,1,53,96,0.278,0.353,0.512,0.864,147,0.363,139,243,8,3,0,2,11,*6D/H,32500000
Curtis Mead,2024,23,TBR,AL,-0.5,38,132,122,10,29,3,0,1,7,2,0,6,30,0.238,0.282,0.287,0.569,65,0.259,61,35,2,2,0,1,0,45/DH3,0
Dane Myers,2024,28,MIA,NL,0.5,44,108,95,17,25,6,1,3,19,4,1,8,36,0.263,0.333,0.442,0.775,112,0.346,111,42,0,3,0,2,0,9H8/7D,0
Danny Jansen,2024,29,2TM,AL,0.7,92,324,278,35,57,13,0,9,24,0,0,40,61,0.205,0.309,0.349,0.658,86,0.302,91,97,4,3,0,3,0,2H/D,8500000
Dansby Swanson,2024,30,CHC,NL,3.9,149,593,534,82,129,27,2,16,66,19,3,54,144,0.242,0.312,0.39,0.701,98,0.313,96,208,7,2,0,3,2,*6/H,25285714.29
DaShawn Keirsey Jr.,2024,27,MIN,AL,0,6,14,13,1,2,0,0,1,1,0,0,0,1,0.154,0.214,0.385,0.599,64,0.254,55,5,0,1,0,0,0,/87,0
Daulton Varsho,2024,27,TOR,AL,5,136,513,459,73,98,21,7,18,58,10,2,48,137,0.214,0.293,0.407,0.7,96,0.306,94,187,2,4,1,1,1,*87/H9D,8200000
David Fry,2024,28,CLE,AL,1.4,122,392,335,44,88,18,1,14,51,4,1,42,84,0.263,0.356,0.448,0.804,129,0.352,128,150,13,9,0,4,4,DH237/59,0
David Villar,2024,27,SFG,NL,0,11,37,35,3,9,4,0,1,4,0,0,1,13,0.257,0.27,0.457,0.727,104,0.302,96,16,0,0,0,1,0,3/DH,0
Daz Cameron,2024,27,OAK,AL,-0.5,66,186,170,22,34,5,1,5,15,5,0,13,51,0.2,0.258,0.329,0.587,70,0.268,69,56,3,1,0,2,0,79H8/D,0
Derek Hill,2024,28,3TM,2LG,0,53,172,162,19,39,4,2,7,25,6,2,5,56,0.241,0.271,0.42,0.69,90,0.317,95,68,2,2,2,1,0,87H/9D,0
Dillon Dingler,2024,25,DET,AL,-0.3,27,87,84,2,14,5,2,1,11,0,0,3,30,0.167,0.195,0.31,0.505,41,0.217,31,26,2,0,0,0,0,2,0
DJ LeMahieu,2024,35,NYY,AL,-1.6,67,228,201,19,41,5,0,2,26,0,1,19,35,0.204,0.269,0.259,0.527,52,0.244,51,52,13,1,1,6,0,35/H,15000000
Dominic Canzone,2024,26,SEA,AL,0.2,67,188,168,20,33,7,0,8,17,1,0,18,53,0.196,0.271,0.381,0.652,91,0.29,92,64,5,0,0,2,2,97H/D,0
Donovan Solano,2024,36,SDP,NL,1,96,309,283,31,81,13,0,8,35,2,1,22,65,0.286,0.343,0.417,0.76,112,0.339,116,118,6,3,0,1,0,5DH3/4,3500000
Drew Millas,2024,26,WSN,NL,0.4,20,62,57,7,14,1,0,1,1,4,0,5,16,0.246,0.306,0.316,0.622,78,0.302,82,18,1,0,0,0,0,2/HD,0
Drew Waters,2024,25,KCR,AL,0,7,19,16,2,3,1,0,0,1,0,0,2,6,0.188,0.316,0.25,0.566,64,0.265,63,4,0,1,0,0,0,/97H,0
Dustin Harris,2024,24,TEX,AL,0.2,2,7,6,1,2,1,0,1,3,0,0,1,2,0.333,0.429,1,1.429,297,0.568,285,6,0,0,0,0,0,/D,0
Dylan Carlson,2024,25,2TM,2LG,-1.2,96,265,235,19,49,7,0,3,25,2,1,22,75,0.209,0.287,0.277,0.563,61,0.256,58,65,2,5,0,3,0,798H/D,975000
Dylan Crews,2024,22,WSN,NL,0.6,31,132,119,12,26,5,1,3,8,12,3,11,26,0.218,0.288,0.353,0.641,82,0.296,82,42,4,1,0,1,0,8-Sep,0
Dylan Moore,2024,31,SEA,AL,2.2,135,441,368,53,74,23,4,10,42,32,6,53,123,0.201,0.32,0.367,0.687,104,0.322,109,135,8,14,1,5,1,6547H3/8,2960000
Eddie Rosario,2024,32,2TM,NL,-1.6,91,319,297,33,52,12,0,10,35,9,1,16,77,0.175,0.215,0.316,0.531,48,0.241,43,94,4,0,2,4,0,79D8/H,0
Edmundo Sosa,2024,28,PHI,NL,2.3,90,274,249,39,64,12,4,7,31,7,1,13,66,0.257,0.313,0.422,0.734,102,0.33,107,105,5,8,1,2,0,654H,3000000
Edouard Julien,2024,25,MIN,AL,-0.2,94,301,266,36,53,9,0,8,21,6,0,33,102,0.199,0.292,0.323,0.616,74,0.288,76,86,2,2,0,0,0,4H/D3,0
Emmanuel Rivera,2024,28,2TM,2LG,-0.4,123,302,265,24,63,9,2,5,29,2,0,26,69,0.238,0.312,0.343,0.656,84,0.295,80,91,7,5,1,5,0,53H/1D,1000000
Enmanuel Valdez,2024,25,BOS,AL,-0.6,76,223,201,23,43,12,0,6,28,1,1,17,53,0.214,0.27,0.363,0.633,77,0.277,70,73,4,0,1,4,0,4H/D57,0
Eric Haase,2024,31,MIL,NL,0.4,30,69,66,10,18,1,0,5,14,0,0,3,28,0.273,0.304,0.515,0.819,125,0.359,128,34,0,0,0,0,0,2/HD,1350000
Eric Wagaman,2024,26,LAA,AL,0.4,18,74,72,6,18,5,0,2,10,0,0,2,17,0.25,0.27,0.403,0.673,88,0.291,83,29,1,0,0,0,0,5/7H,0
Ernie Clement,2024,28,TOR,AL,3.4,139,452,434,48,114,21,3,12,51,12,3,11,41,0.263,0.284,0.408,0.692,94,0.317,102,177,11,3,2,2,1,56H/4D17,1970000
Esteury Ruiz,2024,25,OAK,AL,-0.1,29,65,55,10,11,2,1,2,8,5,4,4,20,0.2,0.27,0.382,0.652,87,0.266,80,21,1,2,2,2,0,7H/8,0
Evan Carter,2024,21,TEX,AL,0.6,45,162,144,23,27,6,2,5,15,2,0,15,43,0.188,0.272,0.361,0.633,82,0.284,79,52,1,2,0,1,0,7/9HD8,0
Ezequiel Duran,2024,25,TEX,AL,0,92,285,268,26,66,11,0,3,20,1,2,14,63,0.246,0.288,0.321,0.609,77,0.273,75,86,6,2,0,1,0,573DH/6498,0
Ezequiel Tovar,2024,22,COL,NL,3.8,157,695,655,83,176,45,4,26,78,6,5,23,200,0.269,0.295,0.469,0.763,101,0.325,99,307,16,4,5,7,1,*6,9071428.571
Francisco Alvarez,2024,22,NYM,NL,0.8,100,342,308,39,73,14,2,11,47,1,1,30,86,0.237,0.307,0.403,0.71,102,0.319,107,124,7,2,0,2,0,2/HD,0
Francisco Lindor,2024,30,NYM,NL,6.9,152,689,618,107,169,39,1,33,91,29,4,56,127,0.273,0.344,0.5,0.844,139,0.373,141,309,7,12,0,3,0,*6/DH,34100000
Freddie Freeman,2024,34,LAD,NL,4.7,147,638,542,81,153,35,2,22,89,9,2,78,100,0.282,0.378,0.476,0.854,141,0.37,142,258,13,10,0,8,9,*3,27000000
Freddy Fermin,2024,29,KCR,AL,3,111,368,339,40,92,14,0,6,36,2,0,23,66,0.271,0.319,0.366,0.685,94,0.307,92,124,10,2,1,3,1,2D/H,0
Gabriel Arias,2024,24,CLE,AL,-0.4,53,161,153,15,34,9,1,3,15,5,2,6,53,0.222,0.255,0.353,0.608,72,0.273,71,54,4,1,0,1,0,56/4H38D79,0
Gabriel Moreno,2024,24,ARI,NL,2.6,97,351,305,39,81,18,1,5,45,3,1,41,52,0.266,0.353,0.38,0.734,105,0.327,105,116,10,2,0,3,1,2H/5,0
Garrett Hampson,2024,29,KCR,AL,0.4,113,231,213,16,49,13,1,0,16,7,2,14,59,0.23,0.275,0.3,0.576,64,0.259,56,64,3,0,2,2,0,8H74/36951,1500000
Garrett Mitchell,2024,25,MIL,NL,2,69,224,196,33,50,12,3,8,21,11,4,25,71,0.255,0.342,0.469,0.812,126,0.354,123,92,1,1,2,0,0,89H/D,0
Gavin Lux,2024,26,LAD,NL,2.1,139,487,439,59,110,24,2,10,50,5,2,44,110,0.251,0.32,0.383,0.703,99,0.314,103,168,8,2,0,2,0,*4H/6,3330000
Gavin Sheets,2024,28,CHW,AL,-1,139,501,451,35,105,24,1,10,45,2,2,43,106,0.233,0.303,0.357,0.66,88,0.292,88,161,6,4,0,3,2,93DH,0
George Springer,2024,34,TOR,AL,1.1,145,614,545,74,120,19,3,19,56,16,1,60,115,0.22,0.303,0.371,0.674,91,0.312,97,202,16,6,0,2,0,*9D/H8,25000000
Geraldo Perdomo,2024,24,ARI,NL,3.5,98,388,337,61,92,21,2,3,37,9,1,36,58,0.273,0.344,0.374,0.718,101,0.328,104,126,5,3,7,5,0,6/H,2550000
Gio Urshela,2024,32,2TM,2LG,0.7,128,461,432,34,108,19,1,9,52,0,0,23,72,0.25,0.286,0.361,0.647,82,0.29,82,156,13,1,0,5,1,*53/H6D,2150000
Gleyber Torres,2024,27,NYY,AL,1.8,154,665,587,80,151,26,0,15,63,4,3,65,136,0.257,0.33,0.378,0.709,102,0.318,103,222,6,3,2,8,0,*4/H,15000000
Graham Pauley,2024,23,SDP,NL,-0.4,13,32,32,4,4,0,0,2,5,0,0,0,15,0.125,0.125,0.313,0.438,17,0.179,0,10,1,0,0,0,0,/5DH3,0
Griffin Conine,2024,26,MIA,NL,0.7,30,89,82,14,22,4,1,3,12,0,0,6,28,0.268,0.326,0.451,0.777,112,0.332,104,37,1,1,0,0,0,9/7HD,0
Gunnar Henderson,2024,23,BAL,AL,9.1,159,719,630,118,177,31,7,37,92,21,4,78,159,0.281,0.364,0.529,0.893,156,0.385,157,333,2,7,0,4,1,*6/D,0
Gustavo Campero,2024,26,LAA,AL,-0.1,13,48,46,6,11,0,1,1,6,3,0,0,8,0.239,0.271,0.348,0.619,74,0.305,83,16,0,2,0,0,0,9/7H,0
Ha-Seong Kim,2024,28,SDP,NL,2.6,121,470,403,60,94,16,3,11,47,22,5,58,77,0.233,0.33,0.37,0.7,96,0.318,96,149,8,2,4,3,4,*6/H,13000000
Harrison Bader,2024,30,NYM,NL,0.9,143,437,402,57,95,19,0,12,51,17,8,21,95,0.236,0.284,0.373,0.657,87,0.287,84,150,6,8,0,6,1,*8H/D,6250000
Henry Davis,2024,24,PIT,NL,-0.6,37,122,104,9,15,4,0,1,5,0,0,13,45,0.144,0.242,0.212,0.453,28,0.226,32,22,1,1,1,2,0,2/HD,0
Heston Kjerstad,2024,25,BAL,AL,0.4,39,114,99,8,25,2,0,4,14,1,0,10,33,0.253,0.351,0.394,0.745,117,0.336,123,39,0,5,0,0,2,D7H/9,0
Hunter Feduccia,2024,27,LAD,NL,0.1,5,14,12,2,4,0,0,0,1,0,0,2,2,0.333,0.429,0.333,0.762,121,0.354,132,4,1,0,0,0,0,/2H,0
Hunter Goodman,2024,24,COL,NL,-0.8,70,224,211,24,40,9,0,13,36,1,1,8,64,0.19,0.228,0.417,0.645,68,0.27,59,88,5,3,0,2,0,92DH/73,0
Hunter Renfroe,2024,32,KCR,AL,0,120,424,385,44,88,18,0,15,52,1,1,36,84,0.229,0.297,0.392,0.689,94,0.308,94,151,10,2,0,1,0,*9/HD3,6535000
Ian Happ,2024,29,CHC,NL,3.9,153,657,569,89,138,34,2,25,86,13,2,80,168,0.243,0.341,0.441,0.782,120,0.345,121,251,7,6,0,2,1,*7/DH,20333333.33
Ildemaro Vargas,2024,32,WSN,NL,-0.5,95,303,272,21,67,16,0,1,30,9,4,19,31,0.246,0.295,0.316,0.611,75,0.273,72,86,9,2,5,5,0,547H/613D,0
Isaac Collins,2024,26,MIL,NL,-0.3,11,19,17,0,2,0,0,0,0,1,0,2,10,0.118,0.211,0.118,0.328,-4,0.175,-14,2,0,0,0,0,0,/H74D,0
Isaac Paredes,2024,25,2TM,2LG,2.7,153,641,542,64,129,25,1,19,80,1,1,76,105,0.238,0.346,0.393,0.739,112,0.331,115,213,17,17,0,6,2,*53D/H,6630000
Isiah Kiner-Falefa,2024,29,2TM,2LG,3.6,133,496,465,53,125,18,4,8,43,11,2,16,78,0.269,0.306,0.376,0.683,91,0.308,93,175,12,10,3,2,0,456/H18,7500000
Iván Herrera,2024,24,STL,NL,1.7,72,259,229,37,69,12,1,5,27,5,0,25,53,0.301,0.372,0.428,0.8,124,0.362,129,98,3,2,0,2,0,2D/H,0
Jace Jung,2024,23,DET,AL,-0.5,34,94,79,14,19,5,0,0,3,0,1,15,29,0.241,0.362,0.304,0.665,93,0.304,97,24,3,0,0,0,0,5H/D4,0
Jack Suwinski,2024,25,PIT,NL,-1.7,88,277,247,29,45,8,0,9,26,9,1,27,79,0.182,0.264,0.324,0.588,63,0.277,66,80,3,1,1,1,2,879H,0
Jackson Chourio,2024,20,MIL,NL,3.8,148,573,528,80,145,29,4,21,79,22,7,39,121,0.275,0.327,0.464,0.791,119,0.344,115,245,7,3,1,2,4,*79/HD,10250000
Jackson Holliday,2024,20,BAL,AL,0.1,60,208,190,28,36,4,2,5,23,4,0,15,69,0.189,0.255,0.311,0.565,64,0.265,70,59,1,2,0,1,0,4/H6D,0
Jackson Merrill,2024,21,SDP,NL,4.4,156,593,554,77,162,31,6,24,90,16,3,29,101,0.292,0.326,0.5,0.826,127,0.357,126,277,2,1,4,5,1,*8/H,810000
Jacob Amaya,2024,25,2TM,AL,-0.1,24,72,68,4,12,1,0,0,3,1,0,4,28,0.176,0.222,0.191,0.413,20,0.191,13,13,3,0,0,0,0,4-Jun,0
Jacob Hurtubise,2024,26,CIN,NL,-0.1,29,68,54,7,10,1,1,0,4,2,0,6,18,0.185,0.297,0.241,0.538,49,0.275,55,13,0,3,4,1,0,7/HD9,0
Jacob Stallings,2024,34,COL,NL,1.8,82,281,243,31,64,17,1,9,36,0,0,27,65,0.263,0.357,0.453,0.81,116,0.355,119,110,10,9,1,1,1,2/HD,2500000
Jake Bauers,2024,28,MIL,NL,-0.4,116,346,302,45,60,9,2,12,43,13,1,39,118,0.199,0.301,0.361,0.662,85,0.3,80,109,0,5,0,0,1,3HD9/71,0
Jake Burger,2024,28,MIA,NL,0.5,137,579,535,68,134,23,1,29,76,1,1,31,150,0.25,0.301,0.46,0.76,107,0.327,100,246,11,9,0,4,2,35D/H,0
Jake Cronenworth,2024,30,SDP,NL,1.9,155,656,577,72,139,29,3,17,83,5,2,61,118,0.241,0.324,0.39,0.714,99,0.319,101,225,19,11,1,3,0,34/DH,11428571.43
Jake Fraley,2024,29,CIN,NL,0.3,116,382,350,44,97,19,2,5,26,20,5,26,70,0.277,0.33,0.386,0.716,94,0.319,92,135,6,3,0,3,0,9H/D78,3130000
James Outman,2024,27,LAD,NL,-0.4,53,156,136,12,20,4,0,4,11,2,1,16,55,0.147,0.256,0.265,0.521,49,0.24,50,36,0,4,0,0,0,8H/79,0
Jared Triolo,2024,26,PIT,NL,1.3,125,446,394,41,85,10,1,9,46,8,1,42,118,0.216,0.296,0.315,0.611,71,0.286,74,124,5,5,0,5,0,54/36H9,0
Jarred Kelenic,2024,24,ATL,NL,0.4,131,449,412,49,95,18,2,15,45,7,2,32,133,0.231,0.286,0.393,0.679,86,0.301,86,162,5,1,1,3,1,*78H/9,2300000
Jarren Duran,2024,27,BOS,AL,8.7,160,735,671,111,191,48,14,21,75,34,7,54,160,0.285,0.342,0.492,0.834,131,0.373,134,330,6,6,1,3,1,*87,3850000
Jason Heyward,2024,34,2TM,2LG,1.2,87,258,228,33,48,12,2,10,37,5,0,22,53,0.211,0.288,0.412,0.7,96,0.304,92,94,3,4,0,3,2,9H/78,1000000
Javier Sanoja,2024,21,MIA,NL,0,15,36,35,3,8,2,0,0,2,0,0,1,4,0.229,0.25,0.286,0.536,48,0.235,34,10,2,0,0,0,0,/8H647D,0
Jazz Chisholm Jr.,2024,26,2TM,2LG,2.7,147,621,562,74,144,21,4,24,73,40,10,53,152,0.256,0.324,0.436,0.76,110,0.339,106,245,6,4,0,2,5,85/D4H,5850000
Jeff McNeil,2024,32,NYM,NL,1.6,129,472,424,57,101,26,0,12,44,5,1,35,68,0.238,0.308,0.384,0.692,98,0.308,98,163,6,9,1,3,1,*497/H,12500000
Jeimer Candelario,2024,30,CIN,NL,-0.7,112,463,427,47,96,23,2,20,56,4,3,27,114,0.225,0.279,0.429,0.707,89,0.306,87,183,7,6,0,3,1,53D/H,15000000
Jerar Encarnacion,2024,26,SFG,NL,0.1,35,119,113,13,28,5,0,5,19,1,0,5,34,0.248,0.277,0.425,0.702,98,0.301,94,48,0,0,0,1,0,D9/7H3,0
Jesse Winker,2024,30,2TM,NL,2,145,508,430,63,109,23,0,14,58,14,4,63,106,0.253,0.36,0.405,0.764,118,0.344,122,174,12,10,2,3,2,7DH9,7500000
Jhonkensy Noel,2024,22,CLE,AL,1,67,198,179,25,39,7,1,13,28,0,0,13,63,0.218,0.288,0.486,0.774,116,0.333,114,87,1,5,0,1,0,9H/3D7,0
Jhonny Pereda,2024,28,MIA,NL,-0.1,20,40,39,2,9,0,0,0,4,0,0,0,10,0.231,0.25,0.231,0.481,35,0.239,37,9,2,1,0,0,0,2/H13,0
JJ Bleday,2024,26,OAK,AL,2.1,159,642,572,74,139,43,4,20,60,2,3,67,125,0.243,0.324,0.437,0.762,120,0.333,121,250,8,2,1,0,2,*8H/D,0
Jo Adell,2024,25,LAA,AL,0.9,130,451,405,54,84,15,2,20,62,15,10,35,126,0.207,0.28,0.402,0.682,91,0.297,90,163,9,7,0,3,1,*9H/D8,2100000
Joc Pederson,2024,32,ARI,NL,2.9,132,449,367,62,101,17,1,23,64,7,4,55,105,0.275,0.393,0.515,0.908,151,0.388,151,189,5,18,1,3,2,*DH,18500000
Joey Bart,2024,27,PIT,NL,2.2,80,282,253,38,67,11,0,13,45,0,0,22,73,0.265,0.337,0.462,0.799,120,0.349,121,117,8,6,0,1,0,2D/H,1180000
Joey Loperfido,2024,25,2TM,AL,0.5,81,262,243,24,52,13,4,4,25,4,2,13,95,0.214,0.264,0.35,0.614,73,0.275,74,85,3,4,1,1,0,789/H3D,0
Johan Rojas,2024,30,SEA,AL,2.2,142,476,422,48,95,19,2,8,31,10,4,46,108,0.225,0.304,0.336,0.641,91,0.289,92,142,6,3,1,2,1,*5H4/713D,3500000
Jon Berti,2024,34,NYY,AL,0.6,25,74,66,10,18,0,0,1,6,5,1,6,14,0.273,0.342,0.318,0.661,91,0.334,108,21,2,1,1,0,0,5/H47D,2000000
Jonah Bride,2024,28,MIA,NL,0.8,71,272,232,30,64,10,0,11,39,0,1,30,55,0.276,0.357,0.461,0.818,124,0.355,122,107,9,3,0,7,1,3D5/4H,0
Jonah Heim,2024,29,TEX,AL,1.1,131,491,459,45,101,12,1,13,59,1,1,26,90,0.22,0.267,0.336,0.602,74,0.268,71,154,13,4,0,2,0,*2DH,4580000
Jonatan Clase,2024,22,2TM,AL,-0.1,26,66,61,7,15,2,0,1,5,3,1,3,17,0.246,0.303,0.328,0.631,85,0.299,94,20,1,2,0,0,0,7/8HD,0
Jonathan Aranda,2024,26,TBR,AL,0.7,44,143,128,22,30,7,0,6,14,0,0,12,32,0.234,0.308,0.43,0.737,109,0.325,111,55,2,2,0,1,0,3DH/45,0
Jonathan India,2024,27,CIN,NL,1.7,151,637,533,84,132,28,2,15,58,13,2,80,125,0.248,0.357,0.392,0.75,104,0.34,108,209,16,15,2,7,0,*4D/H,4400000
Jonathan Ornelas,2024,24,TEX,AL,0,18,40,37,1,8,2,0,0,3,0,0,2,13,0.216,0.256,0.27,0.527,53,0.237,46,10,0,0,1,0,0,/564H8,0
Jonny DeLuca,2024,25,TBR,AL,0.6,107,362,332,29,72,12,4,6,31,16,6,24,77,0.217,0.278,0.331,0.609,75,0.279,76,110,1,4,2,0,1,98H7/D,0
Jordan Beck,2024,23,COL,NL,-0.8,55,184,170,14,32,6,0,3,13,7,1,12,65,0.188,0.245,0.276,0.521,40,0.246,36,47,3,1,0,1,1,79/8H,0
Jordan Westburg,2024,25,BAL,AL,2.4,107,447,416,57,110,26,5,18,63,6,3,22,97,0.264,0.312,0.481,0.792,127,0.34,127,200,5,7,1,1,0,54/6D,0
Jorge Barrosa,2024,23,ARI,NL,0,8,18,17,3,3,2,0,0,1,1,0,0,2,0.176,0.176,0.294,0.471,28,0.213,9,5,0,0,1,0,0,/8H7,0
Jorge Mateo,2024,29,BAL,AL,0.9,68,208,192,30,44,14,2,5,18,13,2,10,48,0.229,0.267,0.401,0.668,91,0.294,87,77,3,1,2,3,0,4/6H8D,3550000
Jorge Polanco,2024,30,SEA,AL,1.3,118,469,417,43,89,11,0,16,45,4,2,46,137,0.213,0.296,0.355,0.651,93,0.294,96,148,16,4,0,2,3,*4/DH,7750000
Jorge Soler,2024,32,2TM,NL,1.1,142,574,493,84,119,34,1,21,64,1,0,68,141,0.241,0.338,0.442,0.78,120,0.343,123,218,9,6,0,4,0,D9/H7,14000000
Jose Altuve,2024,34,HOU,AL,3.4,153,682,628,94,185,31,0,20,65,22,7,47,119,0.295,0.35,0.439,0.79,125,0.348,126,276,15,7,0,0,2,*4/DH,25000000
Jose Iglesias,2024,34,NYM,NL,3.1,85,291,270,39,91,16,1,4,26,6,2,12,39,0.337,0.381,0.448,0.83,138,0.361,136,121,4,8,0,1,1,45/H6,3000000
Jose Miranda,2024,26,MIN,AL,1.7,121,429,401,44,114,28,4,9,49,2,2,18,66,0.284,0.322,0.441,0.763,112,0.333,112,177,13,6,0,4,1,5DH3/6,0
Jose Siri,2024,28,TBR,AL,1.8,130,448,402,50,75,16,1,18,47,14,7,31,170,0.187,0.255,0.366,0.62,76,0.272,73,147,5,7,2,4,0,*8/H3D,2400000
Jose Trevino,2024,31,NYY,AL,0.6,73,234,209,26,45,5,0,8,28,1,0,20,41,0.215,0.288,0.354,0.642,82,0.287,80,74,12,2,1,2,0,2/H1,4976666.667
Josh Jung,2024,26,TEX,AL,0.6,46,188,178,19,47,5,1,7,16,4,0,8,48,0.264,0.298,0.421,0.719,106,0.319,103,75,1,1,0,1,0,5/D,0
Josh Lowe,2024,26,TBR,AL,0.7,106,387,353,37,85,19,2,10,34,25,1,32,123,0.241,0.302,0.391,0.693,98,0.315,93,138,2,0,0,2,4,97/HD8,0
Josh Naylor,2024,27,CLE,AL,1.5,152,633,563,84,137,27,0,31,108,6,2,58,105,0.243,0.32,0.456,0.776,119,0.336,117,257,17,7,0,4,7,*3D/H,10900000
Josh Rojas,2024,30,SEA,AL,2.2,142,476,422,48,95,19,2,8,31,10,4,46,108,0.225,0.304,0.336,0.641,91,0.289,92,142,6,3,1,2,1,*5H4/713D,3500000
Joshua Palacios,2024,28,PIT,NL,-0.1,23,78,67,10,15,2,0,2,9,1,0,10,12,0.224,0.333,0.343,0.677,90,0.308,90,23,1,1,0,0,0,9/78H,0
José Azocar,2024,28,SDP,NL,-0.4,61,79,73,13,16,2,0,0,2,5,1,5,19,0.219,0.269,0.247,0.516,46,0.265,56,18,1,0,1,0,0,7H8/9D,0
José Caballero,2024,27,TBR,AL,1.6,139,483,441,53,100,24,1,9,44,44,16,27,133,0.227,0.283,0.347,0.63,80,0.292,83,153,6,9,3,3,1,654H/D,0
José Fermin,2024,25,STL,NL,-0.6,45,79,71,7,11,1,1,0,4,2,1,7,11,0.155,0.241,0.197,0.438,25,0.205,19,14,3,1,0,0,0,HD54/7,0
José Tena,2024,23,2TM,2LG,0.2,44,168,161,14,43,5,0,3,15,6,1,7,41,0.267,0.298,0.354,0.652,85,0.29,81,57,1,0,0,0,0,5/4DH,0
Juan Soto,2024,25,NYY,AL,7.9,157,713,576,128,166,31,4,41,109,7,4,129,119,0.288,0.419,0.569,0.989,179,0.424,179,328,10,4,0,4,2,*9/7DH,51000000
Junior Caminero,2024,20,TBR,AL,0.7,43,177,165,15,41,9,1,6,18,2,0,11,38,0.248,0.299,0.424,0.724,105,0.315,102,70,2,1,0,0,2,5/D3H,0
Jurickson Profar,2024,31,SDP,NL,3.6,158,668,564,94,158,29,0,24,85,10,3,76,101,0.28,0.38,0.459,0.839,134,0.369,137,259,14,18,5,5,4,*7/D3,14000000
Justin Foscue,2024,25,TEX,AL,-0.7,15,44,42,3,2,1,0,0,1,0,0,2,18,0.048,0.091,0.071,0.162,-52,0.08,-65,3,0,0,0,0,0,D/4H3,0
Justin Turner,2024,39,2TM,AL,1.5,139,539,460,59,119,24,0,11,55,0,2,59,95,0.259,0.354,0.383,0.737,113,0.328,116,176,16,13,0,7,2,D3H/5,6000000
Kameron Misner,2024,26,TBR,AL,-0.3,8,15,15,0,1,0,0,0,0,0,0,0,10,0.067,0.067,0.067,0.133,-61,0.06,-79,1,0,0,0,0,0,/7H8,0
Ke'Bryan Hayes,2024,27,PIT,NL,0.8,96,396,365,38,85,9,0,4,25,11,2,23,75,0.233,0.283,0.29,0.573,61,0.267,60,106,12,4,0,4,1,5/H,8750000
Keibert Ruiz,2024,25,WSN,NL,0.6,127,485,459,46,105,21,0,13,57,3,1,16,54,0.229,0.26,0.359,0.619,74,0.27,70,165,13,5,0,5,0,*2D/H,6250000
Kerry Carpenter,2024,26,DET,AL,2.2,87,296,264,37,75,16,5,18,57,0,2,22,75,0.284,0.345,0.587,0.932,159,0.386,156,155,5,4,0,3,1,9DH/7,0
Keston Hiura,2024,27,LAA,AL,-0.6,10,27,27,1,4,0,0,0,1,0,1,0,10,0.148,0.148,0.148,0.296,-15,0.11,-33,4,0,0,0,0,0,/4DH,0
Ketel Marte,2024,30,ARI,NL,6.8,136,583,504,93,147,23,2,36,95,7,1,65,106,0.292,0.372,0.56,0.932,155,0.396,155,282,9,5,0,9,7,*4D/H6,17500000
Kevin Newman,2024,30,ARI,NL,2.2,111,311,288,41,80,17,1,3,28,8,1,15,48,0.278,0.311,0.375,0.686,91,0.313,92,108,7,0,6,2,1,643/H57D,1375000
Kevin Pillar,2024,35,2TM,AL,0.4,100,314,284,38,65,16,1,8,45,12,3,16,69,0.229,0.291,0.377,0.667,88,0.298,86,107,10,10,1,3,0,8H79D,1000000
Kody Clemens,2024,28,PHI,NL,0.3,43,120,114,17,25,9,1,5,18,0,0,5,29,0.219,0.258,0.447,0.706,91,0.3,88,51,2,1,0,0,0,H35/471D,0
Korey Lee,2024,25,CHW,AL,0.1,125,394,377,36,79,14,1,12,37,6,3,17,122,0.21,0.244,0.347,0.591,66,0.264,68,131,12,0,0,0,0,*2H/D,0
Kris Bryant,2024,32,COL,NL,-0.7,37,155,133,9,29,5,0,2,15,0,0,13,48,0.218,0.323,0.301,0.623,70,0.292,74,40,6,8,0,1,0,D93,26000000
Kyle Farmer,2024,33,MIN,AL,-0.3,107,242,215,26,46,13,1,5,25,3,5,19,49,0.214,0.293,0.353,0.647,82,0.281,80,76,6,6,0,2,1,45H6/13D,3250000
Kyle Higashioka,2024,34,SDP,NL,1.4,84,263,246,29,54,10,1,17,45,2,0,15,74,0.22,0.263,0.476,0.739,101,0.324,103,117,3,0,1,1,0,2/H,6750000
Kyle Isbel,2024,27,KCR,AL,1.8,136,426,384,62,88,13,8,8,42,11,2,27,88,0.229,0.287,0.367,0.654,84,0.296,82,141,4,5,8,2,0,*8H,1750000
Kyle Manzardo,2024,23,CLE,AL,0,53,156,145,11,34,12,0,5,15,0,0,9,41,0.234,0.282,0.421,0.703,98,0.307,96,61,3,1,0,1,0,DH/3,0
Kyle Schwarber,2024,31,PHI,NL,3.5,150,692,573,110,142,22,0,38,104,5,3,106,197,0.248,0.366,0.485,0.851,134,0.367,137,278,6,5,0,8,4,*D/7H,19750000
Kyle Stowers,2024,26,2TM,2LG,-0.5,69,209,192,15,40,11,2,3,24,0,1,13,74,0.208,0.268,0.333,0.601,67,0.27,64,64,2,3,0,1,0,79H8/D,0
Kyle Tucker,2024,27,HOU,AL,4.7,78,339,277,56,80,13,0,23,49,11,0,56,54,0.289,0.408,0.585,0.993,180,0.426,179,162,5,1,0,2,3,9/DH,16500000
Kyren Paris,2024,22,LAA,AL,-0.3,21,59,51,4,6,2,0,1,5,1,0,7,17,0.118,0.224,0.216,0.44,26,0.225,32,11,1,0,0,0,0,4/H6D,0
LaMonte Wade Jr.,2024,30,SFG,NL,2.1,117,401,331,45,86,16,0,8,34,2,1,62,90,0.26,0.38,0.381,0.761,120,0.337,122,126,2,4,1,3,5,3H9/D7,5000000
Lars Nootbaar,2024,26,STL,NL,1.5,109,405,348,39,85,18,3,12,45,7,3,52,79,0.244,0.342,0.417,0.758,111,0.334,112,145,10,1,1,3,2,978/H,2950000
Lawrence Butler,2024,23,OAK,AL,3,125,451,412,63,108,24,2,22,57,18,0,35,108,0.262,0.317,0.49,0.807,131,0.357,130,202,8,0,0,4,0,*9H/8,9357142.857
Lenyn Sosa,2024,24,CHW,AL,-0.4,100,369,351,28,89,13,0,8,35,3,1,12,77,0.254,0.283,0.359,0.642,82,0.282,79,126,5,3,2,1,1,54/H3D,0
Leo Rivas,2024,26,SEA,AL,0.3,43,86,73,10,17,1,1,0,8,3,0,10,24,0.233,0.333,0.274,0.607,84,0.29,87,20,1,1,2,0,0,6H4/D15,0
Leody Taveras,2024,25,TEX,AL,0.5,151,529,480,59,110,17,3,12,44,23,6,42,112,0.229,0.289,0.352,0.641,85,0.293,84,169,8,0,3,4,0,*8/HD,4750000
Liover Peguero,2024,23,PIT,NL,-0.1,3,10,10,0,2,1,0,0,2,0,0,0,3,0.2,0.2,0.3,0.5,37,0.204,17,3,0,0,0,0,0,/6,0
Lourdes Gurriel Jr.,2024,30,ARI,NL,2,133,553,513,72,143,22,2,18,75,7,1,29,101,0.279,0.322,0.435,0.757,109,0.329,106,223,16,6,0,5,1,*7H/D3,14000000
Luis Arraez,2024,27,2TM,NL,1,150,672,637,83,200,32,3,4,46,9,3,24,29,0.314,0.346,0.392,0.739,106,0.327,104,250,18,8,2,1,3,3D4/H,14000000
Luis Campusano,2024,25,SDP,NL,-0.7,91,299,277,37,63,13,0,8,40,0,0,20,41,0.227,0.281,0.361,0.642,78,0.287,78,100,11,1,0,1,0,2H/3,1000000
Luis Guillorme,2024,29,3TM,2LG,0.3,77,187,161,14,33,9,1,0,10,4,2,23,36,0.205,0.301,0.273,0.574,64,0.268,65,44,7,0,1,2,0,45H/61D,0
Luis Rengifo,2024,27,LAA,AL,1.9,78,304,283,41,85,13,1,6,30,24,7,16,44,0.3,0.347,0.417,0.763,116,0.344,116,118,6,4,1,0,0,54/H69D,5950000
Luis Robert Jr.,2024,26,CHW,AL,1.4,100,425,393,47,88,19,0,14,35,23,6,28,141,0.224,0.278,0.379,0.657,85,0.298,88,149,8,2,0,1,2,8/DH,8333333.333
Luis Torrens,2024,28,NYM,NL,0.7,47,130,118,14,27,8,0,3,15,0,1,9,28,0.229,0.292,0.373,0.665,90,0.287,86,44,5,2,0,1,0,2/HD1,1500000
Luke Maile,2024,33,CIN,NL,-0.4,53,154,135,8,24,4,0,2,8,2,0,13,52,0.178,0.268,0.252,0.52,43,0.25,43,34,4,4,1,1,0,2/1HD,0
Luke Raley,2024,29,SEA,AL,3.2,137,455,404,58,98,19,2,22,58,11,2,27,135,0.243,0.32,0.463,0.783,129,0.346,131,187,2,20,2,2,0,739H/8D,0
Luke Williams,2024,27,ATL,NL,0.2,34,52,46,8,9,3,0,0,4,3,0,4,13,0.196,0.275,0.261,0.535,50,0.277,59,12,1,1,1,0,0,H/45D716,0
Luken Baker,2024,27,STL,NL,-0.2,21,49,40,3,7,1,1,2,10,1,0,7,11,0.175,0.286,0.4,0.686,90,0.298,83,16,1,0,0,2,0,DH/3,0
Maikel Garcia,2024,24,KCR,AL,1.2,157,626,575,84,133,27,5,7,58,37,2,42,103,0.231,0.281,0.332,0.614,74,0.287,69,191,7,0,4,5,0,*54H/69,0
Manny Machado,2024,31,SDP,NL,3.1,152,643,593,77,163,30,0,29,105,11,2,45,124,0.275,0.325,0.472,0.797,120,0.344,118,280,25,1,0,4,6,5D/H,31818181.82
Manuel Margot,2024,29,MIN,AL,-0.9,129,343,315,37,75,17,1,4,31,5,0,21,54,0.238,0.289,0.337,0.626,76,0.281,72,106,10,3,1,3,0,*79H8/D,1300000
Marcell Ozuna,2024,33,ATL,NL,4.3,162,688,606,96,183,31,0,39,104,1,0,74,170,0.302,0.378,0.546,0.925,153,0.394,154,331,23,3,0,4,2,*D,16000000
Marcus Semien,2024,33,TEX,AL,4.1,159,718,650,101,154,27,2,23,74,8,3,64,105,0.237,0.308,0.391,0.699,101,0.31,100,254,9,3,0,1,2,*4,25000000
Mark Canha,2024,35,2TM,2LG,0.6,125,462,393,46,95,20,0,7,42,7,0,51,96,0.242,0.344,0.346,0.69,99,0.321,104,136,10,13,0,5,2,3D7H9/5,1400000
Mark Vientos,2024,24,NYM,NL,3.1,111,454,413,58,110,22,0,27,71,0,0,33,135,0.266,0.322,0.516,0.837,136,0.361,137,213,6,3,0,5,0,5/H3D,0
Martín Maldonado,2024,37,CHW,AL,-1.3,48,147,135,9,16,3,0,4,11,0,0,8,51,0.119,0.174,0.23,0.403,14,0.18,5,31,5,1,3,0,0,2,1000000
Mason McCoy,2024,29,SDP,NL,-0.1,19,57,49,7,10,2,0,0,3,1,0,5,19,0.204,0.278,0.245,0.523,49,0.24,38,12,2,0,3,0,0,6,0
Masyn Winn,2024,22,STL,NL,4.9,150,637,587,85,157,32,5,15,57,11,5,41,109,0.267,0.314,0.416,0.73,102,0.317,100,244,1,1,3,5,1,*6/HD,0
Matt Chapman,2024,31,SFG,NL,7.1,154,647,575,98,142,39,2,27,78,15,2,64,158,0.247,0.328,0.463,0.79,124,0.351,129,266,13,6,0,2,3,*5/H,25166666.67
Matt Mervis,2024,26,CHC,NL,-0.4,9,28,26,1,3,1,0,0,3,0,0,1,8,0.115,0.148,0.154,0.302,-14,0.138,-31,4,0,0,0,0,0,/D13H,0
Matt Thaiss,2024,29,LAA,AL,0.6,57,186,157,14,32,9,0,2,16,3,0,28,58,0.204,0.323,0.299,0.622,79,0.295,83,47,2,0,0,1,0,2/DH,1000000
Matt Vierling,2024,27,DET,AL,3,144,567,518,80,133,28,5,16,57,6,1,41,121,0.257,0.312,0.423,0.735,107,0.323,106,219,9,3,0,5,1,859H7/D3,3010000
Matt Wallner,2024,26,MIN,AL,2.2,75,261,220,26,57,17,1,13,37,3,0,24,95,0.259,0.372,0.523,0.894,149,0.387,149,115,2,16,0,1,0,97DH/1,0
Max Kepler,2024,31,MIN,AL,1,105,399,368,43,93,21,1,8,42,1,0,22,80,0.253,0.302,0.38,0.682,91,0.315,98,140,3,5,0,3,0,9H/D,10000000
Max Muncy,2024,33,LAD,NL,3,73,293,237,47,55,17,0,15,48,1,0,45,77,0.232,0.358,0.494,0.852,139,0.361,136,117,1,5,0,6,3,5/H,12000000
Max Schuemann,2024,27,OAK,AL,0.8,133,459,396,55,87,14,0,7,34,14,1,47,119,0.22,0.311,0.308,0.619,82,0.292,86,122,8,7,5,4,0,65/4H789,0
Michael Conforto,2024,31,SFG,NL,1.3,130,488,438,56,104,27,3,20,66,0,1,42,118,0.237,0.309,0.45,0.759,115,0.326,115,197,16,5,0,3,1,7DH,17000000
Michael Helman,2024,28,MIN,AL,0.1,9,10,10,2,3,2,0,0,0,0,0,0,3,0.3,0.3,0.5,0.8,120,0.329,109,5,0,0,0,0,0,/8H759,0
Michael Siani,2024,24,STL,NL,0.7,124,334,298,42,68,7,2,2,20,20,3,21,92,0.228,0.285,0.285,0.57,61,0.265,54,85,2,3,11,1,0,*8H/97D,0
Michael Stefanic,2024,28,LAA,AL,-0.2,40,124,110,8,24,4,0,0,8,0,0,10,20,0.218,0.301,0.255,0.555,61,0.256,58,28,5,3,1,0,0,4/HD15,0
Michael Toglia,2024,25,COL,NL,2.2,116,458,399,62,87,14,3,25,55,10,1,54,147,0.218,0.311,0.456,0.767,103,0.334,102,182,7,1,0,3,2,39/7,0
Mickey Gasper,2024,28,BOS,AL,-0.2,13,23,18,1,0,0,0,0,0,0,0,4,8,0,0.217,0,0.217,-31,0.151,-22,0,1,1,0,0,0,/4HD3,0
Mickey Moniak,2024,26,LAA,AL,-0.1,124,418,392,48,86,17,2,14,49,8,4,21,114,0.219,0.266,0.38,0.646,81,0.283,78,149,3,4,0,1,0,*89H/D7,2000000
Miguel Amaya,2024,25,CHC,NL,1.9,117,363,328,32,76,13,2,8,47,0,0,23,62,0.232,0.288,0.357,0.644,82,0.292,84,117,5,4,5,3,0,*2/H,0
Miguel Andujar,2024,29,OAK,AL,0.4,75,319,302,31,86,14,1,4,30,3,2,13,42,0.285,0.32,0.377,0.697,103,0.308,103,114,10,3,0,1,0,7/D3H,3000000
Miguel Vargas,2024,24,2TM,2LG,-0.8,72,237,206,22,31,7,0,5,16,3,1,25,57,0.15,0.249,0.257,0.506,45,0.244,52,53,4,3,0,3,0,57/HD3,0
Mike Tauchman,2024,33,CHC,NL,0.6,109,350,298,50,74,12,1,7,29,6,2,47,70,0.248,0.357,0.366,0.723,106,0.326,108,109,7,4,0,1,0,9HD78,1950000
Mike Trout,2024,32,LAA,AL,1.1,29,126,109,17,24,1,2,10,14,6,1,16,27,0.22,0.325,0.541,0.867,140,0.372,136,59,0,1,0,0,1,8/D,35541666.67
Mike Yastrzemski,2024,33,SFG,NL,2.1,140,474,428,60,99,16,9,18,57,3,2,38,124,0.231,0.302,0.437,0.739,110,0.317,108,187,5,6,1,1,1,*9H/81,9250000
Miles Mastrobuoni,2024,28,CHC,NL,-0.2,50,106,98,9,19,3,0,0,4,2,0,7,17,0.194,0.245,0.224,0.47,35,0.22,29,22,1,0,0,1,0,H546/97D,0
Mitch Garver,2024,33,SEA,AL,-0.1,114,430,367,37,63,17,0,15,51,0,0,53,133,0.172,0.286,0.341,0.627,85,0.282,88,125,9,7,0,3,0,D2/H,12000000
MJ Melendez,2024,25,KCR,AL,-0.9,135,451,412,44,85,23,3,17,44,4,4,35,113,0.206,0.273,0.4,0.674,88,0.29,83,165,3,3,0,0,1,*7H/D93,2650000
Mookie Betts,2024,31,LAD,NL,4.8,116,516,450,75,130,24,5,19,75,16,2,61,57,0.289,0.372,0.491,0.863,143,0.377,145,221,10,1,0,4,2,694/H,30416666.67
Myles Straw,2024,29,CLE,AL,-0.1,7,4,4,2,1,0,0,0,0,2,0,0,0,0.25,0.25,0.25,0.5,44,0.348,38,1,0,0,0,0,0,/8HD,5000000
Nathan Lukes,2024,29,TOR,AL,1.2,22,91,76,13,23,4,2,1,10,1,0,10,9,0.303,0.371,0.447,0.818,131,0.355,130,34,1,0,2,3,0,7/98HD,0
Nathaniel Lowe,2024,28,TEX,AL,2.7,140,565,486,62,129,16,1,16,69,2,0,71,125,0.265,0.361,0.401,0.762,121,0.342,122,195,9,4,0,4,1,*3/HD,10300000
Nick Ahmed,2024,34,3TM,NL,-0.3,71,228,210,20,48,6,1,2,17,2,1,11,51,0.229,0.267,0.295,0.562,61,0.254,61,62,6,1,3,3,0,6/H4,0
Nick Castellanos,2024,32,PHI,NL,0.8,162,659,606,80,154,30,4,23,86,6,2,41,139,0.254,0.311,0.431,0.742,104,0.327,108,261,14,10,0,2,2,*9/D,20000000
Nick Fortes,2024,27,MIA,NL,0,110,335,308,28,70,16,0,4,29,0,1,11,41,0.227,0.259,0.318,0.577,59,0.249,44,98,6,4,7,5,0,*2/H,1860000
Nick Gonzales,2024,25,PIT,NL,0.9,94,387,359,42,97,19,3,7,49,5,3,18,74,0.27,0.311,0.398,0.709,96,0.316,98,143,8,5,1,4,1,4/6H5,0
Nick Loftin,2024,25,KCR,AL,0.2,56,171,148,15,28,4,0,1,14,1,0,19,24,0.189,0.282,0.236,0.519,50,0.258,56,35,4,1,1,2,0,45H/3D71,0
Nick Maton,2024,27,BAL,AL,-0.1,5,5,5,0,0,0,0,0,0,0,0,0,2,0,0,0,0,-100,0,-116,0,0,0,0,0,0,/5H4D,0
Nick Sogard,2024,26,BOS,AL,0.3,31,86,77,13,21,4,0,0,8,3,0,7,25,0.273,0.326,0.325,0.65,85,0.299,79,25,4,0,0,2,0,4/65H3,0
Nicky Lopez,2024,29,CHW,AL,0.2,124,445,398,40,96,12,3,1,21,5,7,37,67,0.241,0.312,0.294,0.606,75,0.282,83,117,3,4,6,0,0,46/H,850000
Nico Hoerner,2024,27,CHC,NL,3.7,151,641,582,86,159,35,1,7,48,31,6,44,66,0.273,0.335,0.373,0.708,101,0.327,105,217,8,12,0,3,1,*46/H,11666666.67
Niko Kavadas,2024,25,LAA,AL,-0.2,30,106,93,11,17,2,0,4,8,1,0,11,41,0.183,0.283,0.333,0.616,75,0.28,74,31,0,2,0,0,0,D/3H,0
Noelvi Marte,2024,22,CIN,NL,-1.8,66,242,229,24,48,9,0,4,18,9,3,9,75,0.21,0.248,0.301,0.549,49,0.244,40,69,1,3,0,1,0,5D/H4,0
Nolan Arenado,2024,33,STL,NL,2.5,152,635,578,70,157,23,0,16,71,2,2,44,92,0.272,0.325,0.394,0.719,101,0.315,99,228,15,5,0,7,2,*5/DH,30555555.56
Nolan Gorman,2024,24,STL,NL,0.3,107,402,365,42,74,15,0,19,50,6,1,34,151,0.203,0.271,0.4,0.671,85,0.291,79,146,2,1,0,2,1,4/H5,0
Nolan Jones,2024,26,COL,NL,-0.7,79,297,256,28,58,13,1,3,28,5,4,36,91,0.227,0.321,0.32,0.641,74,0.289,73,82,7,1,1,3,2,7/DH,0
Nolan Schanuel,2024,22,LAA,AL,1.3,147,607,519,62,130,19,0,13,54,10,1,68,103,0.25,0.343,0.362,0.706,101,0.321,103,188,14,9,3,7,0,*3/HD,0
Oliver Dunn,2024,26,MIL,NL,0.2,41,104,95,11,21,2,2,1,7,3,0,6,40,0.221,0.282,0.316,0.597,68,0.269,58,30,1,2,1,0,0,5H/D34,0
Oneil Cruz,2024,25,PIT,NL,2.5,146,599,541,72,140,34,3,21,76,22,1,51,181,0.259,0.324,0.449,0.773,113,0.34,110,243,8,3,0,4,5,*68H/D,0
Orlando Arcia,2024,29,ATL,NL,0.5,157,602,551,50,120,24,0,17,46,2,0,41,128,0.218,0.271,0.354,0.625,72,0.278,70,195,16,2,1,7,1,*6,2433333.333
Oswaldo Cabrera,2024,25,NYY,AL,1.3,108,326,299,47,74,11,0,8,36,4,2,21,63,0.247,0.296,0.365,0.661,88,0.3,90,109,6,1,2,3,0,5H34/6791,0
Otto Lopez,2024,25,MIA,NL,2.6,117,434,403,49,109,23,1,6,39,20,4,25,75,0.27,0.313,0.377,0.69,90,0.32,91,152,13,1,2,2,0,4/6H578,0
Owen Miller,2024,27,MIL,NL,-0.5,14,27,27,2,5,1,0,0,3,0,0,0,8,0.185,0.185,0.222,0.407,14,0.175,-5,6,1,0,0,0,0,/3H415D,0
Ozzie Albies,2024,27,ATL,NL,1.6,99,435,399,52,100,29,1,10,53,8,1,27,65,0.251,0.303,0.404,0.707,94,0.313,93,161,6,5,0,4,0,4,5000000
Pablo Reyes,2024,30,2TM,2LG,-0.7,22,64,60,5,11,2,0,0,5,1,2,3,19,0.183,0.234,0.217,0.451,29,0.196,20,13,1,1,0,0,0,5/4H361D,0
Parker Meadows,2024,24,DET,AL,2.2,82,298,270,39,66,12,6,9,28,9,4,25,76,0.244,0.31,0.433,0.743,109,0.324,108,117,0,1,1,1,0,8/H,0
Patrick Bailey,2024,25,SFG,NL,1.8,121,448,401,46,94,16,1,8,46,4,0,39,100,0.234,0.298,0.339,0.637,83,0.286,84,136,10,0,1,7,0,*2H/D,0
Paul DeJong,2024,30,2TM,AL,0.9,139,482,445,54,101,17,0,24,56,2,2,23,156,0.227,0.276,0.427,0.703,97,0.304,95,190,9,9,0,5,0,65H/D,1000000
Paul Goldschmidt,2024,36,STL,NL,1.3,154,654,599,70,147,33,1,22,65,11,0,47,173,0.245,0.302,0.414,0.716,98,0.326,104,248,20,2,0,2,2,*3/DH,12500000
Pete Alonso,2024,29,NYM,NL,2.6,162,695,608,91,146,31,0,34,88,3,0,70,172,0.24,0.329,0.459,0.788,124,0.341,122,279,14,13,0,4,4,*3/DH,30000000
Rafael Devers,2024,27,BOS,AL,3.7,138,601,525,87,143,34,5,28,83,3,0,67,147,0.272,0.354,0.516,0.871,142,0.368,134,271,13,3,0,6,14,*5/D,31350000
Rafael Marchán,2024,25,PHI,NL,0.7,17,56,51,8,15,4,0,3,6,0,0,3,8,0.294,0.345,0.549,0.894,143,0.379,147,28,1,1,1,0,0,2,0
Ramón Laureano,2024,29,2TM,2LG,1.3,98,309,286,35,74,16,1,11,33,8,3,15,96,0.259,0.311,0.437,0.748,107,0.337,114,125,5,7,0,1,0,97H8,4000000
Randal Grichuk,2024,32,ARI,NL,2.2,106,279,254,40,74,20,2,12,46,0,0,20,46,0.291,0.348,0.528,0.875,140,0.377,142,134,5,3,0,2,0,9DH7,5000000
Randy Arozarena,2024,29,2TM,AL,1.7,154,648,549,77,120,33,0,20,60,20,10,73,169,0.219,0.332,0.388,0.72,109,0.323,113,213,7,22,0,4,0,*7/8DH,11300000
Rece Hinds,2024,23,CIN,NL,0.7,24,51,46,9,12,4,1,5,11,2,0,4,16,0.261,0.333,0.717,1.051,175,0.435,173,33,0,1,0,0,0,9/H78D,0
Reese McGuire,2024,29,BOS,AL,0.1,53,158,139,10,29,3,0,3,18,3,0,13,39,0.209,0.28,0.295,0.575,63,0.269,60,41,4,2,1,3,0,2/HD,0
Rhys Hoskins,2024,31,MIL,NL,-0.2,131,517,449,59,96,14,0,26,82,3,0,53,149,0.214,0.303,0.419,0.722,101,0.314,95,188,11,7,0,6,1,3D/H,17000000
Richie Palacios,2024,27,TBR,AL,1.8,92,316,264,46,59,8,1,5,21,19,1,45,67,0.223,0.346,0.318,0.664,94,0.318,96,84,5,5,0,1,2,497H/D56,0
Rob Brantly,2024,34,TBR,AL,0,3,9,9,0,1,0,0,0,0,0,0,0,2,0.111,0.111,0.111,0.222,-36,0.099,-51,1,0,0,0,0,0,/2,0
Rob Refsnyder,2024,33,BOS,AL,0.8,93,307,272,32,77,16,1,11,40,2,2,28,78,0.283,0.359,0.471,0.83,132,0.354,126,128,6,5,0,1,2,79HD,1975000
Romy Gonzalez,2024,27,BOS,AL,0.9,89,216,199,25,53,10,1,6,29,11,3,12,58,0.266,0.306,0.417,0.723,101,0.326,100,83,5,1,0,4,0,H4635/97D8,0
Rowdy Tellez,2024,29,PIT,NL,-0.3,131,421,383,38,93,18,0,13,56,1,0,31,89,0.243,0.299,0.392,0.691,91,0.305,90,150,12,2,0,5,0,*3H/1,1500000
Ryan Bliss,2024,24,SEA,AL,0.4,33,71,63,10,14,3,1,2,9,5,3,5,22,0.222,0.29,0.397,0.687,102,0.292,98,25,1,1,2,0,0,4H/D,0
Ryan Jeffers,2024,27,MIN,AL,2.1,122,465,412,56,93,22,0,21,64,3,0,32,94,0.226,0.3,0.432,0.732,103,0.322,103,178,9,14,1,6,0,2DH,4550000
Ryan Kreidler,2024,26,DET,AL,-0.5,35,65,59,9,7,0,0,1,2,5,3,6,19,0.119,0.2,0.169,0.369,7,0.17,1,10,2,0,0,0,0,6/5H78D,0
Ryan McMahon,2024,29,COL,NL,2.5,153,645,567,68,137,28,0,20,65,4,6,69,185,0.242,0.325,0.397,0.722,93,0.311,90,225,9,3,0,4,4,*5/DH,11666666.67
Ryan Mountcastle,2024,27,BAL,AL,2.6,124,507,473,54,128,30,2,13,63,3,0,27,114,0.271,0.308,0.425,0.733,111,0.323,114,201,13,1,0,6,0,*3H/D,6790000
Ryan Noda,2024,28,OAK,AL,-0.6,36,111,95,8,13,4,0,1,4,0,0,14,37,0.137,0.255,0.211,0.465,38,0.222,40,20,0,1,1,0,0,3/H9D,0
Ryan Vilade,2024,25,DET,AL,-0.7,17,49,45,5,8,0,0,1,5,0,0,2,12,0.178,0.208,0.244,0.453,29,0.218,31,11,2,0,1,1,0,7/98H3,0
Sal Frelick,2024,24,MIL,NL,2.1,145,524,475,66,123,22,4,2,32,18,3,39,78,0.259,0.32,0.335,0.655,85,0.303,84,159,8,4,2,1,0,*987H/5D,0
Sam Haggerty,2024,30,SEA,AL,-0.3,8,16,15,1,1,0,0,0,1,1,0,1,4,0.067,0.125,0.067,0.192,-41,0.114,-43,1,0,0,0,0,0,/7H9D,0
Sam Hilliard,2024,30,COL,NL,0.5,58,158,138,26,33,5,1,10,27,5,2,14,56,0.239,0.305,0.507,0.812,114,0.347,113,70,3,0,4,2,1,789/HD,1000000
Sam Huff,2024,26,TEX,AL,0,3,4,3,0,0,0,0,0,0,0,0,1,2,0,0.25,0,0.25,-18,0.172,0,0,0,0,0,0,0,/2H,0
Santiago Espinal,2024,29,CIN,NL,-0.4,118,391,357,32,88,12,0,9,45,11,1,24,54,0.246,0.295,0.356,0.65,76,0.294,73,127,7,2,4,4,1,54HD/679,2400000
Sean Bouchard,2024,28,COL,NL,-0.6,31,108,91,14,17,7,0,1,8,4,0,12,33,0.187,0.29,0.297,0.586,59,0.299,73,27,0,2,1,2,0,97/DH,0
Sean Murphy,2024,29,ATL,NL,1.3,72,264,233,19,45,5,1,10,25,0,0,27,67,0.193,0.284,0.352,0.636,76,0.293,81,82,7,3,0,1,1,2/H,12166666.67
Seiya Suzuki,2024,29,CHC,NL,3.5,132,585,512,74,145,27,6,21,73,16,6,63,160,0.283,0.366,0.482,0.848,138,0.364,136,247,6,6,0,4,3,9D/7H,17000000
Seth Brown,2024,31,OAK,AL,-0.6,124,400,372,32,86,11,1,14,44,4,2,25,112,0.231,0.283,0.379,0.662,91,0.291,90,141,7,2,0,1,0,739H/D8,2700000
Shay Whitcomb,2024,25,HOU,AL,-0.4,20,46,41,1,9,3,0,0,5,0,0,5,8,0.22,0.304,0.293,0.597,73,0.27,72,12,1,0,0,0,0,5/H4,0
Shea Langeliers,2024,26,OAK,AL,2.9,137,534,482,58,108,18,2,29,80,4,2,41,145,0.224,0.288,0.45,0.739,111,0.321,111,217,15,5,0,6,2,*2/HD,0
Shohei Ohtani,2024,29,LAD,NL,9.2,159,731,636,134,197,38,7,54,130,59,4,81,162,0.31,0.39,0.646,1.036,187,0.449,190,411,7,6,0,5,10,*D,28217000
Spencer Horwitz,2024,26,TOR,AL,1.2,97,381,328,46,87,19,0,12,40,0,0,42,70,0.265,0.357,0.433,0.79,123,0.346,125,142,8,7,0,4,2,34DH,0
Spencer Steer,2024,26,CIN,NL,1.5,158,656,574,74,129,34,4,20,92,25,3,72,137,0.225,0.319,0.402,0.721,95,0.331,99,231,5,8,0,2,1,73/4D9H6,0
Spencer Torkelson,2024,24,DET,AL,0.3,92,381,342,45,75,21,1,10,37,0,0,33,105,0.219,0.295,0.374,0.669,89,0.293,86,128,6,4,0,1,0,3/D,0
Starling Marte,2024,35,NYM,NL,0.7,94,370,335,46,90,13,3,7,40,16,1,27,81,0.269,0.327,0.388,0.715,105,0.328,107,130,8,3,3,2,1,9/DH,19500000
Steven Kwan,2024,26,CLE,AL,4,122,540,480,83,140,16,3,14,44,12,5,53,51,0.292,0.368,0.425,0.793,127,0.352,128,204,5,5,2,0,0,*7/DH,4180000
Stuart Fairchild,2024,28,CIN,NL,1,94,233,209,33,45,8,0,8,30,13,1,17,60,0.215,0.286,0.368,0.654,77,0.314,83,77,1,4,2,1,0,8H97/D,0
Taylor Trammell,2024,26,2TM,2LG,-0.2,10,8,7,2,1,0,0,0,0,0,0,1,3,0.143,0.25,0.143,0.393,16,0.198,16,1,0,0,0,0,0,/H79D,0
Taylor Walls,2024,27,TBR,AL,1.4,84,252,218,27,40,5,3,1,14,16,4,31,67,0.183,0.282,0.248,0.529,55,0.251,53,54,3,0,0,3,0,6/HD,1400000
Taylor Ward,2024,30,LAA,AL,2.3,156,663,585,73,144,26,2,25,75,6,4,63,163,0.246,0.323,0.426,0.748,111,0.329,111,249,11,7,0,8,0,*7D,7830000
Thairo Estrada,2024,28,SFG,NL,-0.5,96,381,364,43,79,15,2,9,47,2,2,10,76,0.217,0.247,0.343,0.59,68,0.263,69,125,8,5,0,2,0,4/DH,3500000
Thomas Saggese,2024,22,STL,NL,-0.2,18,52,49,5,10,2,0,1,4,0,0,2,14,0.204,0.25,0.306,0.556,55,0.246,48,15,0,1,0,0,0,Apr-65,0
Tim Anderson,2024,31,MIA,NL,-1.5,65,241,234,16,50,3,0,0,9,4,4,7,68,0.214,0.237,0.226,0.463,29,0.204,15,53,6,0,0,0,0,6/H,1250000
TJ Friedl,2024,28,CIN,NL,0.5,85,341,297,35,67,5,1,13,55,9,1,26,52,0.226,0.31,0.38,0.69,87,0.313,88,113,1,12,2,4,0,8/HD,0
Tommy Edman,2024,29,LAD,NL,0.9,37,153,139,20,33,5,1,6,20,6,0,11,30,0.237,0.294,0.417,0.711,99,0.321,101,58,2,1,0,2,0,86/H4,11912000
Tomás Nido,2024,30,2TM,NL,-0.4,49,140,130,14,25,4,0,4,12,0,0,5,35,0.192,0.219,0.315,0.534,51,0.235,44,41,1,0,3,2,0,2/H,0
Travis Jankowski,2024,33,TEX,AL,0.3,104,207,190,19,38,5,0,1,12,11,1,12,44,0.2,0.266,0.242,0.508,49,0.256,54,46,3,5,0,0,0,9H7D8,0
Trea Turner,2024,31,PHI,NL,3,121,539,505,88,149,25,0,21,62,19,4,27,98,0.295,0.338,0.469,0.807,121,0.358,127,237,10,6,0,1,0,*6/D,27272727.27
Trent Grisham,2024,27,NYY,AL,0.4,76,209,179,21,34,8,0,9,31,1,1,22,57,0.19,0.29,0.385,0.675,91,0.306,95,69,5,4,1,2,1,8H/D,5000000
Trenton Brooks,2024,28,SFG,NL,-0.2,12,29,25,3,3,0,0,0,1,1,0,4,6,0.12,0.241,0.12,0.361,9,0.193,12,3,1,0,0,0,0,/3HD,0
Trevor Larnach,2024,27,MIN,AL,1.3,112,400,355,59,92,17,0,15,52,4,1,40,89,0.259,0.338,0.434,0.771,116,0.341,117,154,12,3,0,2,1,7D9H,2100000
Trevor Story,2024,31,BOS,AL,0.7,26,106,94,8,24,7,0,2,10,6,3,11,33,0.255,0.34,0.394,0.733,106,0.325,104,37,2,1,0,0,2,6,23333333.33
Trey Lipscomb,2024,24,WSN,NL,-0.1,61,211,190,20,38,3,0,1,10,11,2,16,40,0.2,0.268,0.232,0.5,45,0.248,48,44,7,2,1,1,0,5/3H4D,0
Trey Sweeney,2024,24,DET,AL,0.7,36,119,110,11,24,5,0,4,17,2,0,7,32,0.218,0.269,0.373,0.642,81,0.29,81,41,3,1,0,1,0,6,0
Triston Casas,2024,24,BOS,AL,0.6,63,243,212,28,51,8,0,13,32,0,1,30,77,0.241,0.337,0.462,0.8,123,0.34,116,98,6,1,0,0,4,3/HD,0
Tucker Barnhart,2024,33,ARI,NL,0.3,31,96,81,13,14,3,0,0,6,1,0,13,31,0.173,0.287,0.21,0.497,42,0.252,49,17,0,0,2,0,0,2/1H,0
Ty France,2024,29,2TM,2LG,-0.6,140,535,479,46,112,24,0,13,51,1,1,38,114,0.234,0.305,0.365,0.67,92,0.301,95,175,16,13,0,5,0,*3/DH4,1000000
Tyler Fitzgerald,2024,26,SFG,NL,2.8,96,341,314,53,88,19,2,15,34,17,4,22,108,0.28,0.334,0.497,0.831,135,0.367,140,156,2,4,0,1,0,6H/8471D3,0
Tyler Freeman,2024,25,CLE,AL,0.9,118,383,330,48,69,14,1,7,32,11,6,28,53,0.209,0.305,0.321,0.626,80,0.288,83,106,15,19,3,3,1,8H6/54D,0
Tyler Heineman,2024,33,2TM,AL,0.2,7,16,12,2,1,0,0,0,0,0,0,3,6,0.083,0.313,0.083,0.396,21,0.223,35,1,0,1,0,0,0,/21D,0
Tyler Soderstrom,2024,22,OAK,AL,0.5,61,213,189,18,44,10,0,9,26,0,0,20,53,0.233,0.315,0.429,0.743,114,0.33,118,81,7,3,0,1,1,3/H2,0
Tyler Stephenson,2024,27,CIN,NL,2.4,138,515,457,69,118,26,1,19,66,1,0,48,117,0.258,0.338,0.444,0.782,111,0.345,114,203,9,8,0,2,2,*2HD,4930000
Tyler Wade,2024,29,SDP,NL,-0.7,90,156,138,28,30,3,0,0,8,8,1,11,29,0.217,0.285,0.239,0.524,50,0.25,43,33,0,2,4,0,0,H5467/9D8,900000
Tyrone Taylor,2024,30,NYM,NL,2,130,345,319,47,79,22,3,7,35,11,2,19,80,0.248,0.299,0.401,0.701,99,0.317,102,128,4,5,1,1,1,*98H7/D,3030000
Victor Caratini,2024,30,HOU,AL,1.3,87,274,245,30,66,8,1,8,30,0,1,23,53,0.269,0.336,0.408,0.744,112,0.325,113,100,6,3,0,3,1,2H3/D,6000000
Victor Robles,2024,27,2TM,2LG,3.1,91,295,254,44,78,20,0,4,28,34,2,21,53,0.307,0.381,0.433,0.814,140,0.384,143,110,2,11,6,3,0,897/HD,4875000
Victor Scott II,2024,23,STL,NL,-0.5,53,155,145,14,26,9,0,2,10,5,1,6,42,0.179,0.219,0.283,0.502,40,0.235,38,41,0,2,0,2,0,8/9H7,0
Vinnie Pasquantino,2024,26,KCR,AL,1.1,131,554,496,64,130,30,2,19,97,1,0,40,71,0.262,0.315,0.446,0.76,113,0.328,108,221,12,4,1,13,1,3D/H,0
Vinny Capra,2024,27,MIL,NL,-0.1,3,9,9,1,1,1,0,0,0,0,0,0,3,0.111,0.111,0.222,0.333,-9,0.138,-31,2,1,0,0,0,0,/56,0
Weston Wilson,2024,29,PHI,NL,0.7,40,98,88,13,25,7,1,3,10,3,0,8,29,0.284,0.347,0.489,0.836,129,0.372,135,43,2,1,0,1,0,7H/549318,0
Will Benson,2024,26,CIN,NL,-1.4,128,388,343,41,64,19,2,14,43,16,7,40,154,0.187,0.274,0.376,0.65,75,0.285,70,129,3,2,1,2,0,*798H/D,0
Will Wagner,2024,25,TOR,AL,0.7,24,86,82,8,25,6,0,2,11,0,0,4,16,0.305,0.337,0.451,0.788,122,0.354,130,37,3,0,0,0,0,4/H3D,0
Willi Castro,2024,27,MIN,AL,1.6,158,635,558,89,138,31,5,12,60,14,9,51,150,0.247,0.331,0.385,0.717,102,0.326,108,215,8,21,1,4,0,64785/H1,6400000
William Contreras,2024,32,STL,NL,3,84,358,301,48,79,17,0,15,36,4,1,45,96,0.262,0.38,0.468,0.848,136,0.37,137,141,7,12,0,0,2,2D/H,17500000
Willson Contreras,2024,32,STL,NL,3,84,358,301,48,79,17,0,15,36,4,1,45,96,0.262,0.38,0.468,0.848,136,0.37,137,141,7,12,0,0,2,2D/H,17500000
Willy Adames,2024,28,MIL,NL,3.1,161,688,610,93,153,33,0,32,112,21,4,74,173,0.251,0.331,0.462,0.794,120,0.348,117,282,12,1,0,3,3,*6,26000000
Wilmer Flores,2024,32,SFG,NL,-0.6,71,242,214,19,44,12,0,4,26,0,0,20,33,0.206,0.277,0.318,0.595,71,0.274,76,68,5,3,0,5,1,3H/D5,5500000
Wyatt Langford,2024,22,TEX,AL,3.9,134,557,499,74,126,25,4,16,74,19,3,51,115,0.253,0.325,0.415,0.74,113,0.329,110,207,6,4,0,3,3,*7D8,0
Xander Bogaerts,2024,31,SDP,NL,1.2,111,463,428,50,113,15,1,11,44,13,3,28,79,0.264,0.307,0.381,0.688,92,0.307,90,163,13,1,0,6,0,46/DH,25454545.45
Xavier Edwards,2024,24,MIA,NL,2,70,303,265,39,87,12,5,1,26,31,4,33,52,0.328,0.397,0.423,0.82,128,0.383,128,112,0,0,1,4,1,6/H4,0
Yainer Diaz,2024,32,TBR,AL,1.6,145,621,563,55,158,31,1,14,65,0,0,50,95,0.281,0.341,0.414,0.755,116,0.336,119,233,12,4,0,4,0,*3D/H,8000000
Yordan Alvarez,2024,27,HOU,AL,5.4,147,635,552,88,170,34,2,35,86,6,0,69,95,0.308,0.392,0.567,0.959,171,0.406,169,313,14,10,0,4,16,D7,19166666.67
Yoán Moncada,2024,29,CHW,AL,0.3,12,45,40,4,11,3,1,0,0,1,0,5,11,0.275,0.356,0.4,0.756,116,0.337,116,16,2,0,0,0,0,5/DH,5000000
Zach Dezenzo,2024,24,HOU,AL,-0.2,19,65,62,5,15,2,0,2,8,0,0,3,22,0.242,0.277,0.371,0.648,84,0.307,98,23,3,0,0,0,0,3/5DH,0
Zach McKinstry,2024,29,DET,AL,0.8,118,325,297,32,64,14,5,4,23,16,0,24,69,0.215,0.277,0.337,0.614,74,0.288,74,100,3,2,0,2,0,65H479/1D,1650000
Zach Neto,2024,23,LAA,AL,5.1,155,602,542,70,135,34,1,23,77,30,10,39,140,0.249,0.318,0.443,0.761,113,0.334,112,240,14,16,4,1,1,*6/H,0
Zack Gelof,2024,24,OAK,AL,1.4,138,547,497,60,105,20,2,17,49,25,3,38,188,0.211,0.27,0.362,0.632,82,0.286,80,180,7,4,3,5,0,*4/H,0
Zack Short,2024,29,3TM,2LG,-0.1,42,88,70,11,9,3,0,0,5,2,1,14,24,0.129,0.282,0.171,0.454,32,0.239,42,12,0,1,3,0,0,5H6/4D,0
