fullName,year,age,team_name_abbr,comp_name_abbr,p_war,p_w,p_l,p_win_loss_perc,p_earned_run_avg,p_g,p_gs,p_gf,p_cg,p_sho,p_sv,p_ip,p_h,p_r,p_er,p_hr,p_bb,p_ibb,p_so,p_hbp,p_bk,p_wp,p_bfp,p_earned_run_avg_plus,p_fip,p_whip,p_hits_per_nine,p_hr_per_nine,p_bb_per_nine,p_so_per_nine,p_strikeouts_per_base_on_balls,salary
Aaron Ashby,2024,26,MIL,NL,0.2,1,2,0.333,2.86,14,2,3,0,0,0,28.1,20,13,9,2,10,0,33,0,0,1,119,144,2.81,1.059,6.4,0.6,3.2,10.5,3.3,4100000.0
Aaron Bummer,2024,30,ATL,NL,0.6,4,3,0.571,3.58,56,0,13,0,0,0,55.1,61,24,22,2,18,2,69,2,0,2,244,118,2.23,1.428,9.9,0.3,2.9,11.2,3.83,6500000.0
Aaron Civale,2024,29,2TM,2LG,1.1,8,9,0.471,4.36,31,31,0,0,0,0,161.0,158,82,78,29,52,0,149,6,0,1,689,93,4.74,1.304,8.8,1.6,2.9,8.3,2.87,8000000.0
Aaron Nola,2024,31,PHI,NL,3.7,14,8,0.636,3.57,33,33,0,1,1,0,199.1,189,84,79,30,50,0,197,3,0,2,820,117,3.94,1.199,8.5,1.4,2.3,8.9,3.94,24571428.57142857
Abner Uribe,2024,24,MIL,NL,-0.4,2,2,0.5,6.91,14,0,6,0,0,3,14.1,15,11,11,1,12,2,14,0,0,3,66,60,4.63,1.884,9.4,0.6,7.5,8.8,1.17,0.0
Adam Mazur,2024,23,SDP,NL,-0.7,1,3,0.25,7.49,8,8,0,0,0,0,33.2,40,28,28,6,21,0,22,2,0,0,158,55,6.23,1.812,10.7,1.6,5.6,5.9,1.05,0.0
Adam Ottavino,2024,38,NYM,NL,0.0,2,2,0.5,4.34,60,0,9,0,0,1,56.0,49,29,27,6,23,1,70,7,0,5,245,89,3.67,1.286,7.9,1.0,3.7,11.3,3.04,0.0
Adrian Houser,2024,31,NYM,NL,-0.9,1,5,0.167,5.84,23,7,9,0,0,1,69.1,74,48,45,8,32,0,45,4,0,2,309,66,4.93,1.529,9.6,1.0,4.2,5.8,1.41,0.0
Adrian Morejon,2024,25,SDP,NL,1.3,3,2,0.6,2.83,60,0,12,0,0,2,63.2,63,24,20,4,21,2,71,1,1,7,272,146,2.79,1.319,8.9,0.6,3.0,10.0,3.38,2000000.0
AJ Smith-Shawver,2024,21,ATL,NL,0.3,0,0,,0.0,1,1,0,0,0,0,4.1,3,0,0,0,2,0,4,0,0,0,18,,2.7,1.154,6.2,0.0,4.2,8.3,2.0,0.0
Alek Jacob,2024,26,SDP,NL,0.3,0,0,,2.45,7,0,2,0,0,0,14.2,9,4,4,1,2,0,19,2,0,0,57,171,2.28,0.75,5.5,0.6,1.2,11.7,9.5,0.0
Alex Vesia,2024,28,LAD,NL,1.6,5,4,0.556,1.76,67,0,10,0,0,5,66.1,33,19,13,7,33,3,87,1,0,2,263,227,3.45,0.995,4.5,0.9,4.5,11.8,2.64,2300000.0
Allan Winans,2024,28,ATL,NL,-0.6,0,2,0.0,15.26,2,2,0,0,0,0,7.2,14,14,13,3,4,0,4,0,0,0,41,29,8.77,2.348,16.4,3.5,4.7,4.7,1.0,0.0
Andre Pallante,2024,25,STL,NL,1.7,8,8,0.5,3.78,29,20,1,0,0,0,121.1,110,55,51,8,48,0,94,2,2,12,509,110,3.71,1.302,8.2,0.6,3.6,7.0,1.96,2100000.0
Andrew Abbott,2024,25,CIN,NL,3.3,10,10,0.5,3.72,25,25,0,0,0,0,138.0,127,60,57,25,52,1,114,2,0,5,586,119,5.04,1.297,8.3,1.6,3.4,7.4,2.19,0.0
Andrew Chafin,2024,34,2TM,AL,0.5,4,3,0.571,3.51,62,0,13,0,0,1,56.1,52,26,22,5,31,4,70,1,0,7,246,115,3.54,1.473,8.3,0.8,5.0,11.2,2.26,0.0
Andrew Heaney,2024,33,TEX,AL,0.7,5,14,0.263,4.28,32,31,0,0,0,0,160.0,159,84,76,23,41,1,159,12,0,2,693,90,4.04,1.25,8.9,1.3,2.3,8.9,3.88,5250000.0
Andrew Kittredge,2024,34,STL,NL,1.6,5,5,0.5,2.8,74,0,4,0,0,1,70.2,60,26,22,10,20,2,67,0,0,0,287,148,3.96,1.132,7.6,1.3,2.5,8.5,3.35,10000000.0
Andrew Walters,2024,23,CLE,AL,0.3,1,0,1.0,0.0,9,1,3,0,0,0,8.2,1,1,0,0,5,0,6,0,0,1,32,,3.51,0.692,1.0,0.0,5.2,6.2,1.2,0.0
Angel Chivilli,2024,21,COL,NL,0.2,2,3,0.4,4.55,30,0,10,0,0,1,31.2,31,17,16,7,10,0,28,1,0,0,133,103,5.31,1.295,8.8,2.0,2.8,8.0,2.8,0.0
Angel Zerpa,2024,24,KCR,AL,0.6,2,0,1.0,3.86,60,0,3,0,0,0,53.2,59,24,23,6,19,2,49,2,0,3,239,107,3.97,1.453,9.9,1.0,3.2,8.2,2.58,0.0
Anthony Banda,2024,30,LAD,NL,0.5,3,2,0.6,3.08,48,2,9,0,0,2,49.2,44,19,17,5,18,6,50,2,0,1,209,130,3.67,1.248,8.0,0.9,3.3,9.1,2.78,1000000.0
Anthony Bender,2024,29,MIA,NL,0.9,5,2,0.714,4.08,59,0,10,0,0,1,53.0,50,25,24,3,18,1,59,4,0,2,228,106,2.92,1.283,8.5,0.5,3.1,10.0,3.28,1420000.0
Anthony Maldonado,2024,26,MIA,NL,0.2,1,1,0.5,5.68,16,1,6,0,0,1,19.0,21,12,12,1,7,3,11,0,0,1,82,77,3.8,1.474,9.9,0.5,3.3,5.2,1.57,0.0
Anthony Molina,2024,22,COL,NL,-0.6,1,1,0.5,6.79,35,1,17,0,0,0,59.2,72,46,45,5,22,1,41,2,0,5,264,69,4.09,1.575,10.9,0.8,3.3,6.2,1.86,0.0
Anthony Veneziano,2024,26,2TM,2LG,0.2,1,0,1.0,3.38,12,0,1,0,0,0,13.1,16,7,5,1,3,0,14,1,0,1,58,133,2.94,1.425,10.8,0.7,2.0,9.5,4.67,0.0
Antonio Senzatela,2024,29,COL,NL,0.0,0,1,0.0,6.57,3,3,0,0,0,0,12.1,15,10,9,3,8,0,7,0,1,0,54,72,7.14,1.865,10.9,2.2,5.8,5.1,0.88,10100000.0
Aroldis Chapman,2024,36,PIT,NL,0.4,5,5,0.5,3.79,68,0,18,0,0,14,61.2,44,31,26,5,39,0,98,2,2,4,265,112,3.04,1.346,6.4,0.7,5.7,14.3,2.51,10750000.0
Austin Gomber,2024,30,COL,NL,2.1,5,12,0.294,4.75,30,30,0,0,0,0,165.0,178,89,87,30,38,0,116,1,0,3,696,98,4.83,1.309,9.7,1.6,2.1,6.3,3.05,6350000.0
Austin Warren,2024,28,SFG,NL,0.3,0,0,,1.69,6,0,3,0,0,0,10.2,9,2,2,1,5,0,7,0,0,0,42,239,4.48,1.313,7.6,0.8,4.2,5.9,1.4,785000.0
Bailey Falter,2024,27,PIT,NL,1.7,8,9,0.471,4.43,28,28,0,0,0,0,142.1,138,72,70,17,45,0,97,0,0,0,589,96,4.3,1.286,8.7,1.1,2.8,6.1,2.16,2220000.0
Bailey Horn,2024,26,BOS,AL,-0.3,1,1,0.5,6.5,18,0,3,0,0,0,18.0,22,14,13,5,10,2,13,0,0,0,88,66,7.0,1.778,11.0,2.5,5.0,6.5,1.3,0.0
Bailey Ober,2024,28,MIN,AL,2.9,12,9,0.571,3.98,31,31,0,1,0,0,178.2,136,81,79,27,43,0,191,6,0,1,709,105,3.82,1.002,6.9,1.4,2.2,9.6,4.44,3550000.0
Beau Brieske,2024,26,DET,AL,0.7,4,5,0.444,3.59,46,12,12,0,0,1,67.2,55,31,27,5,30,2,69,2,0,0,282,114,3.51,1.256,7.3,0.7,4.0,9.2,2.3,1030000.0
Ben Casparius,2024,25,LAD,NL,0.2,2,0,1.0,2.16,3,0,0,0,0,0,8.1,9,3,2,0,4,0,12,0,0,0,37,192,1.73,1.56,9.7,0.0,4.3,13.0,3.0,0.0
Ben Joyce,2024,23,LAA,AL,1.6,2,0,1.0,2.08,31,1,12,0,0,4,34.2,26,8,8,1,14,0,33,4,0,4,142,203,3.19,1.154,6.8,0.3,3.6,8.6,2.36,0.0
Ben Lively,2024,32,CLE,AL,1.5,13,10,0.565,3.81,29,29,0,0,0,0,151.0,139,67,64,23,49,0,118,5,1,2,632,106,4.66,1.245,8.3,1.4,2.9,7.0,2.41,0.0
Blake Snell,2024,31,SFG,NL,2.1,5,3,0.625,3.12,20,20,0,1,1,0,104.0,65,38,36,6,44,0,145,1,0,8,418,125,2.43,1.048,5.6,0.5,3.8,12.5,3.3,27392000.0
Blake Treinen,2024,36,LAD,NL,1.4,7,3,0.7,1.93,50,0,6,0,0,1,46.2,33,11,10,5,11,0,56,2,0,1,184,208,2.99,0.943,6.4,1.0,2.1,10.8,5.09,11000000.0
Bowden Francis,2024,28,TOR,AL,1.6,8,5,0.615,3.3,27,13,7,0,0,0,103.2,74,41,38,17,22,0,92,7,1,0,408,125,4.36,0.926,6.4,1.5,1.9,8.0,4.18,0.0
Brad Keller,2024,28,2TM,AL,-0.2,0,4,0.0,5.44,16,2,8,0,0,1,41.1,48,28,25,9,15,0,32,2,0,3,192,78,5.68,1.524,10.5,2.0,3.3,7.0,2.13,1500000.0
Bradley Blalock,2024,23,2TM,NL,-0.2,1,3,0.25,5.87,7,6,0,0,0,0,30.2,35,22,20,4,20,0,20,1,0,0,147,80,5.61,1.793,10.3,1.2,5.9,5.9,1.0,0.0
Brady Singer,2024,27,KCR,AL,3.1,9,13,0.409,3.71,32,32,0,0,0,0,179.2,175,77,74,22,54,0,170,10,0,2,762,111,3.93,1.275,8.8,1.1,2.7,8.5,3.15,8750000.0
Brandon Eisert,2024,26,TOR,AL,0.0,0,0,,4.05,3,0,2,0,0,0,6.2,5,3,3,0,4,0,2,0,0,0,26,107,4.37,1.35,6.8,0.0,5.4,2.7,0.5,0.0
Brandon Pfaadt,2024,25,ARI,NL,0.4,11,10,0.524,4.71,32,32,0,0,0,0,181.2,183,103,95,24,42,1,185,4,0,1,760,89,3.61,1.239,9.1,1.2,2.1,9.2,4.4,0.0
Brant Hurter,2024,25,DET,AL,1.2,6,1,0.857,2.58,10,1,1,0,0,0,45.1,34,13,13,4,6,0,38,0,1,0,175,159,3.03,0.882,6.8,0.8,1.2,7.5,6.33,0.0
Brayan Bello,2024,25,BOS,AL,1.4,14,8,0.636,4.49,30,30,0,0,0,0,162.1,157,84,81,19,64,0,153,11,1,6,702,93,4.19,1.361,8.7,1.1,3.5,8.5,2.39,9166666.666666666
Brenan Hanifee,2024,26,DET,AL,0.9,1,1,0.5,1.84,21,3,1,0,0,0,29.1,27,7,6,2,6,0,23,0,0,0,120,223,3.1,1.125,8.3,0.6,1.8,7.1,3.83,0.0
Brennan Bernardino,2024,32,BOS,AL,0.5,4,3,0.571,4.06,57,3,4,0,0,0,51.0,50,25,23,6,22,6,56,6,0,7,226,104,4.15,1.412,8.8,1.1,3.9,9.9,2.55,0.0
Brent Headrick,2024,26,MIN,AL,0.1,0,0,,3.0,1,0,0,0,0,0,3.0,2,1,1,1,2,0,5,0,0,0,13,156,6.17,1.333,6.0,3.0,6.0,15.0,2.5,0.0
Brent Suter,2024,34,CIN,NL,1.4,1,0,1.0,3.15,47,3,20,0,0,2,65.2,63,25,23,10,12,0,50,3,0,2,270,141,4.31,1.142,8.6,1.4,1.6,6.9,4.17,2750000.0
Brock Burke,2024,27,2TM,AL,-0.2,2,1,0.667,5.82,34,1,9,0,0,0,34.0,37,22,22,4,16,2,41,2,0,0,154,71,3.87,1.559,9.8,1.1,4.2,10.9,2.56,1150000.0
Brock Stewart,2024,32,MIN,AL,-0.1,0,0,,5.17,16,0,1,0,0,0,15.2,15,9,9,2,8,0,20,0,0,0,67,83,3.8,1.468,8.6,1.1,4.6,11.5,2.5,870000.0
Bryan Abreu,2024,27,HOU,AL,1.6,3,3,0.5,3.1,78,0,3,0,0,1,78.1,59,27,27,9,32,0,103,6,1,4,325,129,3.49,1.162,6.8,1.0,3.7,11.8,3.22,3450000.0
Bryan Baker,2024,29,BAL,AL,-0.1,1,1,0.5,5.01,19,0,4,0,0,0,23.1,20,14,13,3,7,0,23,0,0,0,93,77,3.77,1.157,7.7,1.2,2.7,8.9,3.29,0.0
Bryan Hoeing,2024,27,2TM,NL,1.7,2,3,0.4,2.18,34,2,3,0,0,0,53.2,43,15,13,4,14,1,43,0,0,8,210,196,3.32,1.062,7.2,0.7,2.3,7.2,3.07,0.0
Bryan Hudson,2024,27,MIL,NL,2.5,6,1,0.857,1.73,43,0,1,0,0,0,62.1,28,12,12,7,17,0,62,3,1,1,231,235,3.6,0.722,4.0,1.0,2.5,9.0,3.65,0.0
Bryan Woo,2024,24,SEA,AL,2.3,9,3,0.75,2.89,22,22,0,0,0,0,121.1,96,41,39,14,13,0,101,3,0,0,472,128,3.4,0.898,7.1,1.0,1.0,7.5,7.77,0.0
Bryce Elder,2024,25,ATL,NL,-0.7,2,5,0.286,6.52,10,10,0,0,0,0,49.2,64,37,36,8,17,0,46,2,0,3,226,65,4.56,1.631,11.6,1.4,3.1,8.3,2.71,0.0
Bryce Jarvis,2024,26,ARI,NL,0.8,1,2,0.333,3.19,44,0,17,0,0,0,59.1,52,25,21,6,33,4,38,5,0,4,258,132,5.12,1.433,7.9,0.9,5.0,5.8,1.15,0.0
Cade Povich,2024,24,BAL,AL,-0.4,3,9,0.25,5.2,16,16,0,0,0,0,79.2,80,49,46,12,34,1,69,3,0,1,352,74,4.79,1.431,9.0,1.4,3.8,7.8,2.03,0.0
Caden Dana,2024,20,LAA,AL,-0.5,1,2,0.333,9.58,3,3,0,0,0,0,10.1,14,12,11,5,7,0,8,1,0,0,52,45,10.23,2.032,12.2,4.4,6.1,7.0,1.14,0.0
Cal Quantrill,2024,29,COL,NL,1.5,8,11,0.421,4.98,29,29,0,0,0,0,148.1,156,83,82,23,69,0,110,11,1,6,656,93,5.32,1.517,9.5,1.4,4.2,6.7,1.59,3500000.0
Caleb Boushley,2024,30,MIN,AL,0.0,0,0,,4.5,2,0,1,0,0,0,4.0,6,2,2,0,2,0,1,0,0,0,20,101,4.17,2.0,13.5,0.0,4.5,2.3,0.5,0.0
Caleb Ferguson,2024,27,2TM,AL,-0.5,1,4,0.2,4.64,62,0,19,0,0,1,54.1,56,34,28,6,25,1,67,4,0,3,249,88,3.74,1.491,9.3,1.0,4.1,11.1,2.68,3000000.0
Caleb Thielbar,2024,37,MIN,AL,-0.6,2,4,0.333,5.32,59,0,18,0,0,3,47.1,50,33,28,6,24,2,53,0,0,2,216,79,4.1,1.563,9.5,1.1,4.6,10.1,2.21,2750000.0
Calvin Faucher,2024,28,MIA,NL,1.1,2,3,0.4,3.19,53,0,18,0,0,6,53.2,49,25,19,0,26,3,63,4,0,5,235,136,2.5,1.398,8.2,0.0,4.4,10.6,2.42,0.0
Cam Booser,2024,32,BOS,AL,0.8,2,3,0.4,3.38,43,0,7,0,0,1,42.2,41,17,16,5,16,1,43,0,0,0,183,125,3.8,1.336,8.6,1.1,3.4,9.1,2.69,0.0
Camilo Doval,2024,26,SFG,NL,-0.5,5,3,0.625,4.88,62,0,40,0,0,23,59.0,54,35,32,5,39,2,78,2,0,7,271,80,3.71,1.576,8.2,0.8,5.9,11.9,2.0,4530000.0
Carl Edwards Jr.,2024,32,SDP,NL,0.0,0,0,,,1,0,0,0,0,0,0.0,1,0,0,0,2,0,0,0,0,1,3,,,,,,,,0.0,0.0
Carlos Carrasco,2024,37,CLE,AL,-1.2,3,10,0.231,5.64,21,21,0,0,0,0,103.2,112,68,65,19,33,0,89,5,0,5,447,71,4.93,1.399,9.7,1.6,2.9,7.7,2.7,1500000.0
Carmen Mlodzinski,2024,25,PIT,NL,0.8,5,5,0.5,3.38,40,4,5,0,0,0,50.2,41,22,19,3,19,1,46,2,0,1,209,126,3.36,1.184,7.3,0.5,3.4,8.2,2.42,0.0
Carson Kelly,2024,34,CIN,NL,0.0,0,0,,5.06,2,0,1,0,0,1,5.1,5,3,3,1,1,0,4,0,0,0,21,93,4.67,1.125,8.4,1.7,1.7,6.8,4.0,0.0
Carson Spiers,2024,26,CIN,NL,0.0,5,7,0.417,5.46,22,10,4,0,0,0,90.2,112,59,55,20,27,0,80,5,0,0,410,81,5.33,1.533,11.1,2.0,2.7,7.9,2.96,0.0
Casey Legumina,2024,27,CIN,NL,-0.3,0,0,,8.68,6,0,6,0,0,0,9.1,15,11,9,2,2,0,7,1,0,0,47,53,5.42,1.821,14.5,1.9,1.9,6.8,3.5,0.0
Casey Mize,2024,27,DET,AL,0.2,2,6,0.25,4.49,22,20,0,0,0,0,102.1,121,57,51,11,29,0,78,2,1,2,452,91,3.95,1.466,10.6,1.0,2.6,6.9,2.69,2340000.0
Chase Shugart,2024,27,BOS,AL,0.0,0,0,,4.15,6,0,4,0,0,1,8.2,8,4,4,1,3,0,8,0,0,0,36,105,3.86,1.269,8.3,1.0,3.1,8.3,2.67,0.0
Chayce McDermott,2024,25,BAL,AL,-0.1,0,0,,6.75,1,1,0,0,0,0,4.0,5,3,3,1,2,0,3,0,0,0,18,62,6.42,1.75,11.3,2.3,4.5,6.8,1.5,0.0
Chris Bassitt,2024,35,TOR,AL,-0.1,10,14,0.417,4.16,31,31,0,0,0,0,171.0,180,91,79,18,70,2,168,16,2,2,758,99,4.08,1.462,9.5,0.9,3.7,8.8,2.4,21000000.0
Chris Flexen,2024,29,CHW,AL,1.6,3,15,0.167,4.95,33,30,0,0,0,0,160.0,180,95,88,24,63,1,123,2,2,4,707,84,4.8,1.519,10.1,1.4,3.5,6.9,1.95,0.0
Chris Paddack,2024,28,MIN,AL,0.4,5,3,0.625,4.99,17,17,0,0,0,0,88.1,102,50,49,14,21,0,79,1,0,3,384,84,4.18,1.392,10.4,1.4,2.1,8.0,3.76,4176666.6666666665
Chris Roycroft,2024,27,STL,NL,0.0,1,2,0.333,4.19,27,0,13,0,0,0,34.1,31,19,16,2,17,0,33,4,0,1,155,100,3.84,1.398,8.1,0.5,4.5,8.7,1.94,0.0
Chris Sale,2024,35,ATL,NL,6.2,18,3,0.857,2.38,29,29,0,0,0,0,177.2,141,48,47,9,39,0,225,8,1,4,702,176,2.09,1.013,7.1,0.5,2.0,11.4,5.77,19000000.0
Chris Stratton,2024,33,KCR,AL,-0.7,4,3,0.571,5.55,57,0,21,0,0,4,58.1,53,38,36,5,33,1,44,3,0,1,257,74,4.62,1.474,8.2,0.8,5.1,6.8,1.33,4000000.0
Clarke Schmidt,2024,28,NYY,AL,2.0,5,5,0.5,2.85,16,16,0,0,0,0,85.1,71,31,27,8,30,0,93,9,0,2,353,142,3.58,1.184,7.5,0.8,3.2,9.8,3.1,3600000.0
Clay Holmes,2024,31,NYY,AL,0.7,3,5,0.375,3.14,67,0,50,0,0,30,63.0,60,29,22,4,22,1,68,3,0,4,271,129,3.02,1.302,8.6,0.6,3.1,9.7,3.09,13000000.0
Clayton Beeter,2024,25,NYY,AL,0.0,0,0,,4.91,3,0,1,0,0,0,3.2,4,2,2,0,1,0,5,0,0,0,15,90,1.26,1.364,9.8,0.0,2.5,12.3,5.0,0.0
Clayton Kershaw,2024,36,LAD,NL,-0.3,2,2,0.5,4.5,7,7,0,0,0,0,30.0,36,19,15,2,9,1,24,2,1,2,133,89,3.53,1.5,10.8,0.6,2.7,7.2,2.67,7500000.0
Cody Bolton,2024,26,SEA,AL,-0.1,0,0,,4.34,17,0,5,0,0,0,18.2,18,11,9,3,9,0,17,0,0,0,83,87,4.88,1.446,8.7,1.4,4.3,8.2,1.89,0.0
Cody Poteet,2024,29,NYY,AL,0.9,3,0,1.0,2.22,5,4,0,0,0,0,24.1,18,7,6,2,8,0,16,1,0,1,96,184,4.03,1.068,6.7,0.7,3.0,5.9,2.0,0.0
Cole Ragans,2024,26,KCR,AL,5.0,11,9,0.55,3.14,32,32,0,1,0,0,186.1,146,71,65,15,67,1,223,6,0,11,762,131,2.99,1.143,7.1,0.7,3.2,10.8,3.33,4416666.666666667
Cole Sands,2024,26,MIN,AL,1.3,9,1,0.9,3.28,62,0,11,0,0,4,71.1,59,30,26,6,12,0,85,6,1,3,292,128,2.63,0.995,7.4,0.8,1.5,10.7,7.08,0.0
Cole Sulser,2024,34,2TM,2LG,0.4,1,0,1.0,2.76,10,2,2,0,0,0,16.1,9,5,5,1,9,1,15,0,0,0,66,150,3.78,1.102,5.0,0.6,5.0,8.3,1.67,900000.0
Cole Winn,2024,24,TEX,AL,-0.5,0,1,0.0,7.79,13,0,8,0,0,0,17.1,18,15,15,2,4,0,14,3,0,1,77,51,4.26,1.269,9.3,1.0,2.1,7.3,3.5,0.0
Colin Holderman,2024,28,PIT,NL,0.7,3,6,0.333,3.16,55,0,5,0,0,0,51.1,42,23,18,6,25,0,56,5,0,2,223,135,4.26,1.305,7.4,1.1,4.4,9.8,2.24,1500000.0
Colin Poche,2024,30,TBR,AL,0.5,1,2,0.333,3.86,43,0,7,0,0,2,37.1,30,16,16,7,13,2,33,0,0,1,153,104,4.88,1.152,7.2,1.7,3.1,8.0,2.54,0.0
Colin Rea,2024,33,MIL,NL,1.2,12,6,0.667,4.29,32,27,1,0,0,1,167.2,169,83,80,29,43,1,135,10,0,2,714,95,4.75,1.264,9.1,1.6,2.3,7.2,3.14,5000000.0
Colin Selby,2024,26,2TM,AL,0.2,0,0,,2.57,5,0,2,0,0,0,7.0,3,3,2,0,4,0,5,1,0,1,28,170,3.88,1.0,3.9,0.0,5.1,6.4,1.25,0.0
Collin Snider,2024,28,SEA,AL,0.9,3,4,0.429,1.94,42,0,9,0,0,0,41.2,36,14,9,5,13,2,47,0,0,1,169,192,3.41,1.176,7.8,1.1,2.8,10.2,3.62,0.0
Connor Brogdon,2024,29,2TM,NL,-0.8,0,1,0.0,24.0,4,0,2,0,0,0,3.0,5,9,8,4,6,0,3,0,0,1,19,21,24.5,3.667,15.0,12.0,18.0,9.0,0.5,0.0
Connor Gillispie,2024,26,CLE,AL,0.2,0,0,,2.25,3,0,2,0,0,0,8.0,4,2,2,0,5,0,8,0,0,1,32,187,3.04,1.125,4.5,0.0,5.6,9.0,1.6,820000.0
Cooper Criswell,2024,27,BOS,AL,0.7,6,5,0.545,4.08,26,18,4,0,0,0,99.1,103,52,45,10,31,0,73,7,0,2,424,103,4.15,1.349,9.3,0.9,2.8,6.6,2.35,0.0
Corbin Burnes,2024,29,BAL,AL,3.5,15,9,0.625,2.92,32,32,0,0,0,0,194.1,165,76,63,22,48,0,181,2,3,7,784,131,3.55,1.096,7.6,1.0,2.2,8.4,3.77,35000000.0
Craig Kimbrel,2024,36,BAL,AL,-1.1,7,5,0.583,5.33,57,0,39,0,0,23,52.1,40,35,31,7,31,1,73,5,1,3,232,72,4.18,1.357,6.9,1.2,5.3,12.6,2.35,0.0
Cristian Mena,2024,21,ARI,NL,-0.2,0,0,,12.0,1,1,0,0,0,0,3.0,4,4,4,2,3,0,2,0,1,0,15,39,13.5,2.333,12.0,6.0,9.0,6.0,0.67,0.0
Dan Altavilla,2024,31,KCR,AL,-0.3,0,1,0.0,14.73,5,1,0,0,0,0,3.2,5,6,6,1,3,0,5,1,0,0,21,31,7.26,2.182,12.3,2.5,7.4,12.3,1.67,0.0
Dane Dunning,2024,29,TEX,AL,-0.6,5,7,0.417,5.31,26,15,6,0,0,0,95.0,97,60,56,18,40,1,91,6,0,2,421,73,5.17,1.442,9.2,1.7,3.8,8.6,2.28,2660000.0
Daniel Palencia,2024,24,CHC,NL,-0.2,0,1,0.0,6.14,10,0,3,0,0,1,14.2,14,11,10,0,12,0,16,1,0,0,69,66,3.64,1.773,8.6,0.0,7.4,9.8,1.33,0.0
Danny Coulombe,2024,34,BAL,AL,1.0,1,0,1.0,2.12,33,0,3,0,0,1,29.2,15,7,7,3,5,0,32,0,0,2,107,182,2.83,0.674,4.6,0.9,1.5,9.7,6.4,3000000.0
Darren McCaughan,2024,28,2TM,2LG,-0.4,0,0,,6.21,12,5,5,0,0,2,42.0,53,32,29,9,15,0,28,6,0,2,195,70,6.12,1.619,11.4,1.9,3.2,6.0,1.87,0.0
David Bednar,2024,29,PIT,NL,-0.9,3,8,0.273,5.77,62,0,45,0,0,23,57.2,54,40,37,9,28,3,58,3,0,2,262,74,4.8,1.422,8.4,1.4,4.4,9.1,2.07,5900000.0
David Festa,2024,24,MIN,AL,0.5,2,6,0.25,4.9,14,13,0,0,0,0,64.1,62,36,35,9,23,0,77,2,1,2,277,86,3.76,1.321,8.7,1.3,3.2,10.8,3.35,0.0
David Peterson,2024,28,NYM,NL,2.9,10,3,0.769,2.9,21,21,0,0,0,0,121.0,110,44,39,8,46,0,101,7,1,4,510,133,3.67,1.289,8.2,0.6,3.4,7.5,2.2,4630000.0
Davis Daniel,2024,27,LAA,AL,-0.4,1,4,0.2,6.23,6,6,0,0,0,0,30.1,39,22,21,5,6,0,28,1,1,0,134,68,4.16,1.484,11.6,1.5,1.8,8.3,4.67,0.0
Dean Kremer,2024,28,BAL,AL,0.6,8,10,0.444,4.1,24,24,0,0,0,0,129.2,110,72,59,18,51,0,123,3,1,1,553,94,4.32,1.242,7.6,1.2,3.5,8.5,2.41,2950000.0
Dennis Santana,2024,28,2TM,2LG,0.9,3,1,0.75,3.89,62,0,20,0,0,3,71.2,57,33,31,4,21,0,69,4,2,1,287,108,3.01,1.088,7.2,0.5,2.6,8.7,3.29,1400000.0
Dillon Tate,2024,30,2TM,AL,-0.1,2,1,0.667,4.66,33,0,10,0,0,1,36.2,42,21,19,2,12,0,27,4,0,0,164,84,3.71,1.473,10.3,0.5,2.9,6.6,2.25,1400000.0
DL Hall,2024,25,MIL,NL,-0.2,1,2,0.333,5.02,13,7,2,0,0,0,43.0,48,26,24,6,21,0,44,4,0,1,197,81,4.68,1.605,10.0,1.3,4.4,9.2,2.1,0.0
Drew Rasmussen,2024,28,TBR,AL,0.6,0,2,0.0,2.83,16,4,5,0,0,1,28.2,25,10,9,0,6,0,35,0,0,1,116,143,1.35,1.081,7.8,0.0,1.9,11.0,5.83,4250000.0
Dylan Cease,2024,28,SDP,NL,4.1,14,11,0.56,3.47,33,33,0,1,1,0,189.1,137,80,73,18,65,0,224,2,0,12,762,118,3.1,1.067,6.5,0.9,3.1,10.6,3.45,13750000.0
Dylan Dodd,2024,26,ATL,NL,-0.1,0,0,,9.0,1,0,1,0,0,0,2.0,4,2,2,0,1,0,2,0,0,0,9,55,2.67,2.5,18.0,0.0,4.5,9.0,2.0,0.0
Dylan Lee,2024,29,ATL,NL,1.3,4,2,0.667,2.11,52,0,8,0,0,0,59.2,49,19,14,7,17,4,76,0,0,0,240,199,3.0,1.106,7.4,1.1,2.6,11.5,4.47,1030000.0
Easton Lucas,2024,27,3TM,AL,-0.6,1,0,1.0,10.8,8,0,2,0,0,0,11.2,17,15,14,1,9,0,10,1,0,0,61,41,5.14,2.229,13.1,0.8,6.9,7.7,1.11,0.0
Eduard Bazardo,2024,28,SEA,AL,0.0,2,0,1.0,4.88,23,0,15,0,0,0,27.2,20,15,15,2,9,0,33,0,0,3,108,77,2.7,1.048,6.5,0.7,2.9,10.7,3.67,0.0
Eduardo Salazar,2024,26,2TM,NL,0.5,0,1,0.0,2.76,26,0,3,0,0,0,29.1,34,11,9,2,14,0,27,1,0,1,133,149,3.75,1.636,10.4,0.6,4.3,8.3,1.93,0.0
Edwin Uceta,2024,26,TBR,AL,1.9,2,0,1.0,1.51,30,0,10,0,0,5,41.2,26,8,7,2,8,0,57,1,0,0,159,266,1.7,0.816,5.6,0.4,1.7,12.3,7.13,0.0
Eli Morgan,2024,28,CLE,AL,1.1,3,0,1.0,1.93,32,0,9,0,0,0,42.0,30,11,9,4,11,1,34,1,0,0,167,210,3.64,0.976,6.4,0.9,2.4,7.3,3.09,950000.0
Elvis Peguero,2024,27,MIL,NL,0.4,7,4,0.636,2.98,52,0,8,0,0,2,51.1,52,22,17,4,27,3,47,2,1,6,227,137,4.04,1.539,9.1,0.7,4.7,8.2,1.74,0.0
Emerson Hancock,2024,25,SEA,AL,-0.6,4,4,0.5,4.75,12,12,0,0,0,0,60.2,62,37,32,12,19,0,39,6,0,0,266,78,5.69,1.335,9.2,1.8,2.8,5.8,2.05,0.0
Emmanuel Clase,2024,26,CLE,AL,4.4,4,2,0.667,0.61,74,0,66,0,0,47,74.1,39,10,5,2,10,1,66,2,0,2,270,667,2.22,0.659,4.7,0.2,1.2,8.0,6.6,4000000.0
Eric Orze,2024,26,NYM,NL,-0.2,0,1,0.0,21.6,2,0,0,0,0,0,1.2,3,4,4,1,2,0,1,1,0,0,11,22,15.17,3.0,16.2,5.4,10.8,5.4,0.5,0.0
Erick Fedde,2024,31,2TM,2LG,5.6,9,9,0.5,3.3,31,31,0,0,0,0,177.1,154,66,65,20,52,0,154,5,1,3,726,126,3.86,1.162,7.8,1.0,2.6,7.8,2.96,7500000.0
Erik Miller,2024,26,SFG,NL,0.4,4,5,0.444,3.88,73,10,11,0,0,0,67.1,50,33,29,7,38,0,87,1,0,1,284,101,3.67,1.307,6.7,0.9,5.1,11.6,2.29,0.0
Erik Sabrowski,2024,26,CLE,AL,0.6,0,0,,0.0,8,0,4,0,0,1,12.2,6,0,0,0,4,0,19,0,0,1,47,,1.11,0.789,4.3,0.0,2.8,13.5,4.75,0.0
Erik Swanson,2024,30,TOR,AL,-0.3,2,2,0.5,5.03,45,0,15,0,0,0,39.1,36,22,22,11,14,0,37,1,1,0,168,82,6.06,1.271,8.2,2.5,3.2,8.5,2.64,3000000.0
Ethan Roberts,2024,26,CHC,NL,0.2,1,1,0.5,3.71,21,0,6,0,0,0,26.2,31,11,11,3,10,0,26,1,0,1,118,109,3.92,1.538,10.5,1.0,3.4,8.8,2.6,0.0
Evan Phillips,2024,29,LAD,NL,-0.6,5,1,0.833,3.62,61,0,28,0,0,18,54.2,48,30,22,6,17,1,63,1,0,1,228,110,3.28,1.189,7.9,1.0,2.8,10.4,3.71,6100000.0
Fernando Cruz,2024,34,CIN,NL,0.3,3,8,0.273,4.86,69,3,6,0,0,0,66.2,54,36,36,9,35,2,109,1,0,8,288,92,3.27,1.335,7.3,1.2,4.7,14.7,3.11,0.0
Forrest Whitley,2024,26,HOU,AL,0.0,0,0,,0.0,3,0,2,0,0,0,3.1,5,2,0,0,3,0,5,1,0,0,20,,3.77,2.4,13.5,0.0,8.1,13.5,1.67,0.0
Framber Valdez,2024,30,HOU,AL,4.4,15,7,0.682,2.91,28,28,0,1,0,0,176.1,140,60,57,13,55,0,169,6,1,8,703,137,3.25,1.106,7.1,0.7,2.8,8.6,3.07,18000000.0
Fraser Ellard,2024,26,CHW,AL,0.2,2,3,0.4,3.75,25,0,2,0,0,1,24.0,18,12,10,3,12,3,26,1,0,5,101,112,4.25,1.25,6.8,1.1,4.5,9.8,2.17,0.0
Freddy Peralta,2024,28,MIL,NL,2.5,11,9,0.55,3.68,32,32,0,0,0,0,173.2,143,74,71,26,68,0,200,10,1,8,725,110,4.16,1.215,7.4,1.3,3.5,10.4,2.94,3666666.6666666665
Gabe Speier,2024,29,SEA,AL,-0.5,0,2,0.0,5.7,29,0,3,0,0,0,23.2,19,15,15,2,14,1,33,2,0,1,104,66,3.5,1.394,7.2,0.8,5.3,12.5,2.36,845000.0
Garrett Cleavinger,2024,30,TBR,AL,0.8,7,5,0.583,3.75,68,0,15,0,0,6,60.0,52,29,25,6,31,0,71,7,0,2,266,107,4.0,1.383,7.8,0.9,4.7,10.7,2.29,1200000.0
Garrett Crochet,2024,25,CHW,AL,4.1,6,12,0.333,3.58,32,32,0,0,0,0,146.0,123,61,58,18,33,0,209,5,1,3,595,116,2.69,1.068,7.6,1.1,2.0,12.9,6.33,3800000.0
Garrett Whitlock,2024,28,BOS,AL,0.8,1,0,1.0,1.96,4,4,0,0,0,0,18.1,14,4,4,1,7,0,17,1,0,0,75,217,3.33,1.145,6.9,0.5,3.4,8.3,2.43,4687500.0
Gavin Hollowell,2024,26,CHC,NL,0.1,0,0,,0.0,1,0,1,0,0,0,1.1,2,0,0,0,0,0,1,0,0,0,6,,1.67,1.5,13.5,0.0,0.0,6.8,,0.0
Gavin Williams,2024,24,CLE,AL,-0.1,3,10,0.231,4.86,16,16,0,0,0,0,76.0,72,42,41,7,32,0,79,3,0,2,332,83,3.67,1.368,8.5,0.8,3.8,9.4,2.47,0.0
Geoff Hartlieb,2024,30,COL,NL,-0.4,0,0,,9.0,5,0,0,0,0,0,9.0,13,10,9,1,4,1,7,0,1,2,44,53,4.39,1.889,13.0,1.0,4.0,7.0,1.75,0.0
George Kirby,2024,26,SEA,AL,2.0,14,11,0.56,3.53,33,33,0,0,0,0,191.0,181,82,75,22,23,0,179,7,1,5,778,105,3.26,1.068,8.5,1.0,1.1,8.4,7.78,4300000.0
George Soriano,2024,25,MIA,NL,-0.6,1,1,0.5,6.75,22,0,11,0,0,1,29.1,27,23,22,7,13,0,29,4,0,3,131,65,6.03,1.364,8.3,2.1,4.0,8.9,2.23,0.0
Gerson Garabito,2024,28,TEX,AL,-0.1,0,2,0.0,4.78,18,2,10,0,0,0,26.1,23,15,14,4,12,0,22,4,0,1,115,82,5.29,1.329,7.9,1.4,4.1,7.5,1.83,0.0
Gordon Graceffo,2024,24,STL,NL,0.0,0,1,0.0,4.7,2,1,1,0,0,0,7.2,7,4,4,1,2,0,6,0,0,0,31,92,4.08,1.174,8.2,1.2,2.3,7.0,3.0,0.0
Graham Ashcraft,2024,26,CIN,NL,0.3,5,5,0.5,5.24,15,15,0,0,0,0,77.1,89,50,45,11,27,0,57,6,0,4,350,85,4.82,1.5,10.4,1.3,3.1,6.6,2.11,0.0
Grant Anderson,2024,27,TEX,AL,-1.1,0,1,0.0,8.1,23,0,10,0,0,1,26.2,33,24,24,11,10,3,29,1,0,0,120,48,7.59,1.613,11.1,3.7,3.4,9.8,2.9,0.0
Grant Holman,2024,24,OAK,AL,0.2,1,1,0.5,4.02,18,0,5,0,0,0,15.2,17,8,7,1,9,1,16,1,0,1,73,100,3.87,1.66,9.8,0.6,5.2,9.2,1.78,0.0
Grant Holmes,2024,28,ATL,NL,1.1,2,1,0.667,3.56,26,7,7,0,0,0,68.1,66,27,27,7,15,2,70,2,0,2,282,118,3.2,1.185,8.7,0.9,2.0,9.2,4.67,0.0
Greg Weissert,2024,29,BOS,AL,0.6,4,2,0.667,3.13,62,0,16,0,0,1,63.1,65,32,22,7,20,4,58,0,0,2,263,134,3.72,1.342,9.2,1.0,2.8,8.2,2.9,0.0
Gregory Santos,2024,24,SEA,AL,-0.1,0,1,0.0,4.91,8,0,1,0,0,0,7.1,7,4,4,0,1,0,6,1,1,0,31,80,2.35,1.091,8.6,0.0,1.2,7.4,6.0,0.0
Gregory Soto,2024,29,2TM,2LG,0.2,3,5,0.375,4.42,66,0,18,0,0,2,53.0,56,30,26,4,27,3,65,8,1,4,244,93,3.68,1.566,9.5,0.7,4.6,11.0,2.41,5350000.0
Griffin Canning,2024,28,LAA,AL,0.2,6,13,0.316,5.19,32,31,1,0,0,0,171.2,174,105,99,31,66,1,130,6,4,6,739,81,5.26,1.398,9.1,1.6,3.5,6.8,1.97,4250000.0
Griffin Jax,2024,29,MIN,AL,2.8,5,5,0.5,2.03,72,0,16,0,0,10,71.0,47,19,16,4,15,1,95,2,0,4,276,207,1.94,0.873,6.0,0.5,1.9,12.0,6.33,2370000.0
Hayden Birdsong,2024,22,SFG,NL,0.3,5,6,0.455,4.75,16,16,0,0,0,0,72.0,57,39,38,11,43,0,88,4,0,4,315,82,4.67,1.389,7.1,1.4,5.4,11.0,2.05,0.0
Hayden Wesneski,2024,26,CHC,NL,-0.3,3,6,0.333,3.86,28,7,2,0,0,0,67.2,56,37,29,12,21,0,67,2,1,1,283,104,4.51,1.138,7.4,1.6,2.8,8.9,3.19,0.0
Hoby Milner,2024,33,MIL,NL,-0.6,5,1,0.833,4.73,61,1,11,0,0,1,64.2,63,38,34,6,14,2,64,2,0,0,268,86,3.14,1.191,8.8,0.8,1.9,8.9,4.57,2500000.0
Huascar Brazobán,2024,34,2TM,NL,0.3,1,3,0.25,3.83,39,0,4,0,0,0,51.2,38,26,22,2,25,0,51,3,0,4,217,109,3.32,1.219,6.6,0.3,4.4,8.9,2.04,0.0
Hunter Bigge,2024,26,2TM,2LG,0.4,0,0,,2.6,19,1,11,0,0,1,17.1,17,5,5,2,5,0,24,0,0,2,73,160,2.76,1.269,8.8,1.0,2.6,12.5,4.8,0.0
Hunter Brown,2024,25,HOU,AL,2.6,11,9,0.55,3.49,31,30,0,0,0,0,170.0,156,71,66,18,60,0,179,5,1,4,712,114,3.58,1.271,8.3,1.0,3.2,9.5,2.98,0.0
Hunter Gaddis,2024,26,CLE,AL,2.6,6,3,0.667,1.57,78,0,8,0,0,0,74.2,43,16,13,4,14,1,66,4,0,2,278,258,2.82,0.763,5.2,0.5,1.7,8.0,4.71,0.0
Hunter Greene,2024,24,CIN,NL,6.2,9,5,0.643,2.75,26,26,0,0,0,0,150.1,96,47,46,12,57,0,169,19,1,7,611,161,3.47,1.018,5.7,0.7,3.4,10.1,2.96,8833333.333333334
Hunter Harvey,2024,29,2TM,2LG,-0.1,2,4,0.333,4.44,49,0,3,0,0,1,50.2,51,28,25,5,16,2,55,5,0,2,219,92,3.52,1.322,9.1,0.9,2.8,9.8,3.44,3700000.0
Hunter Stratton,2024,27,PIT,NL,0.6,2,1,0.667,3.58,36,0,8,0,0,1,37.2,37,17,15,3,7,0,33,3,0,2,158,119,3.25,1.168,8.8,0.7,1.7,7.9,4.71,0.0
Hunter Strickland,2024,35,LAA,AL,1.0,3,2,0.6,3.31,72,0,10,0,0,1,73.1,56,31,27,10,24,1,57,2,0,1,294,127,4.45,1.091,6.9,1.2,2.9,7.0,2.38,0.0
Ian Gibaut,2024,30,CIN,NL,0.0,0,0,,4.5,2,0,0,0,0,0,2.0,3,1,1,0,1,0,1,0,0,0,10,115,3.67,2.0,13.5,0.0,4.5,4.5,1.0,0.0
Ian Hamilton,2024,29,NYY,AL,0.5,0,1,0.0,3.82,35,0,5,0,0,1,37.2,37,17,16,2,14,0,41,3,0,0,163,106,3.03,1.354,8.8,0.5,3.3,9.8,2.93,0.0
Isaac Mattson,2024,28,PIT,NL,0.0,0,0,,5.06,3,0,1,0,0,0,5.1,1,3,3,0,5,0,6,1,0,0,23,89,4.29,1.125,1.7,0.0,8.4,10.1,1.2,0.0
Jack Flaherty,2024,28,2TM,2LG,3.1,13,7,0.65,3.17,28,28,0,0,0,0,162.0,135,61,57,24,38,0,194,4,0,6,649,128,3.47,1.068,7.5,1.3,2.1,10.8,5.11,17500000.0
Jack Kochanowicz,2024,23,LAA,AL,0.7,2,6,0.25,3.99,11,11,0,0,0,0,65.1,68,30,29,7,10,1,25,8,0,1,266,105,4.62,1.194,9.4,1.0,1.4,3.4,2.5,0.0
Jack Leiter,2024,24,TEX,AL,-1.6,0,3,0.0,8.83,9,6,1,0,0,0,35.2,44,39,35,7,17,0,31,3,0,3,173,44,5.66,1.71,11.1,1.8,4.3,7.8,1.82,0.0
Jackson Jobe,2024,21,DET,AL,0.1,0,0,,0.0,2,0,1,0,0,0,4.0,1,0,0,0,1,0,2,0,0,0,16,,2.92,0.5,2.3,0.0,2.3,4.5,2.0,0.0
Jackson Rutledge,2024,25,WSN,NL,0.2,0,0,,3.24,3,1,1,0,0,0,8.1,8,3,3,1,2,0,9,1,0,0,34,130,3.65,1.2,8.6,1.1,2.2,9.7,4.5,0.0
Jacob Barnes,2024,34,WSN,NL,0.1,8,3,0.727,4.36,63,0,5,0,0,0,66.0,67,36,32,10,20,2,55,0,0,3,277,93,4.38,1.318,9.1,1.4,2.7,7.5,2.75,1400000.0
Jacob deGrom,2024,36,TEX,AL,0.4,0,0,,1.69,3,3,0,0,0,0,10.2,11,2,2,1,1,0,14,1,0,0,44,237,2.32,1.125,9.3,0.8,0.8,11.8,14.0,37000000.0
Jacob Latz,2024,28,TEX,AL,0.3,2,3,0.4,3.71,46,0,9,0,0,0,43.2,39,20,18,6,27,3,40,1,0,4,192,105,5.04,1.511,8.0,1.2,5.6,8.2,1.48,0.0
Jacob Webb,2024,30,BAL,AL,0.9,2,5,0.286,3.02,60,0,8,0,0,2,56.2,40,23,19,4,27,1,58,1,0,0,237,127,3.52,1.182,6.4,0.6,4.3,9.2,2.15,1250000.0
Jaden Hill,2024,24,COL,NL,0.0,0,0,,5.06,9,0,2,0,0,0,10.2,8,7,6,2,4,0,6,2,0,1,45,94,6.17,1.125,6.8,1.7,3.4,5.1,1.5,0.0
Jake Bird,2024,28,COL,NL,0.3,2,2,0.5,4.5,35,0,5,0,0,1,40.0,43,21,20,5,25,1,31,4,0,1,185,104,5.42,1.7,9.7,1.1,5.6,7.0,1.24,0.0
Jake Eder,2024,25,CHW,AL,0.0,0,0,,4.5,1,0,1,0,0,0,2.0,2,1,1,0,1,0,1,1,0,1,9,109,5.17,1.5,9.0,0.0,4.5,4.5,1.0,0.0
Jake Irvin,2024,27,WSN,NL,1.9,10,14,0.417,4.41,33,33,0,0,0,0,187.2,173,97,92,29,52,1,156,4,1,5,769,91,4.41,1.199,8.3,1.4,2.5,7.5,3.0,0.0
Jake Woodford,2024,27,2TM,2LG,-1.3,0,6,0.0,7.97,9,7,1,0,0,0,35.0,48,37,31,6,9,0,26,3,0,2,167,54,4.94,1.629,12.3,1.5,2.3,6.7,2.89,0.0
Jakob Junis,2024,31,2TM,NL,1.8,4,0,1.0,2.69,24,6,4,0,0,1,67.0,49,22,20,8,8,0,51,3,0,1,253,161,3.69,0.851,6.6,1.1,1.1,6.9,6.38,4500000.0
Jameson Taillon,2024,32,CHC,NL,2.3,12,8,0.6,3.27,28,28,0,0,0,0,165.1,154,67,60,21,33,0,125,1,2,4,675,122,3.92,1.131,8.4,1.1,1.8,6.8,3.79,17000000.0
Janson Junk,2024,28,2TM,2LG,-0.1,0,0,,14.63,6,0,2,0,0,0,8.0,22,13,13,3,4,0,8,0,0,1,48,30,5.17,3.25,24.8,3.4,4.5,9.0,2.0,0.0
Jared Koenig,2024,30,MIL,NL,1.5,9,4,0.692,2.47,55,6,5,0,0,1,62.0,54,22,17,4,23,4,63,4,0,0,265,165,3.28,1.242,7.8,0.6,3.3,9.1,2.74,0.0
Jared Shuster,2024,25,CHW,AL,1.0,2,5,0.286,4.3,39,4,14,0,0,0,73.1,74,38,35,9,33,0,56,0,0,3,321,97,4.58,1.459,9.1,1.1,4.1,6.9,1.7,0.0
Jason Adam,2024,32,2TM,2LG,2.6,7,2,0.778,1.95,74,0,10,0,0,4,73.2,40,20,16,5,23,4,81,6,1,2,282,208,3.03,0.855,4.9,0.6,2.8,9.9,3.52,4800000.0
Jeffrey Springs,2024,31,TBR,AL,0.9,2,2,0.5,3.27,7,7,0,0,0,0,33.0,34,12,12,5,11,0,37,1,0,0,142,123,3.98,1.364,9.3,1.4,3.0,10.1,3.36,7750000.0
Jeremiah Estrada,2024,25,SDP,NL,1.3,6,3,0.667,2.95,62,0,14,0,0,1,61.0,42,22,20,4,23,1,94,0,0,5,252,140,2.07,1.066,6.2,0.6,3.4,13.9,4.09,0.0
Jesse Chavez,2024,40,ATL,NL,0.6,2,2,0.5,3.13,46,0,16,0,0,0,63.1,60,27,22,10,19,1,55,1,1,0,264,134,4.43,1.247,8.5,1.4,2.7,7.8,2.89,0.0
Jesus Tinoco,2024,29,3TM,2LG,1.1,1,0,1.0,3.32,32,0,10,0,0,3,40.2,27,15,15,3,12,1,42,3,0,1,162,129,3.17,0.959,6.0,0.7,2.7,9.3,3.5,0.0
Jesús Luzardo,2024,26,MIA,NL,0.8,3,6,0.333,5.0,12,12,0,0,0,0,66.2,61,37,37,9,22,0,58,2,0,3,274,87,4.26,1.245,8.2,1.2,3.0,7.8,2.64,6630000.0
Jhoan Duran,2024,26,MIN,AL,0.2,6,9,0.4,3.64,58,0,37,0,0,23,54.1,48,30,22,4,15,2,66,6,1,1,228,115,2.85,1.16,8.0,0.7,2.5,10.9,4.4,4130000.0
Jimmy Herget,2024,30,ATL,NL,0.1,0,1,0.0,4.38,8,0,7,0,0,0,12.1,13,6,6,2,3,0,15,0,0,0,52,98,3.57,1.297,9.5,1.5,2.2,10.9,5.0,850000.0
Joe Boyle,2024,24,OAK,AL,-0.5,3,6,0.333,6.42,13,10,0,0,0,0,47.2,42,35,34,4,40,0,56,4,1,7,226,62,4.68,1.72,7.9,0.8,7.6,10.6,1.4,0.0
Joe Mantiply,2024,33,ARI,NL,0.6,6,2,0.75,3.92,75,2,8,0,0,1,59.2,52,27,26,1,18,7,53,0,1,3,243,107,2.51,1.173,7.8,0.2,2.7,8.0,2.94,1700000.0
Joe Ross,2024,31,MIL,NL,0.5,3,6,0.333,3.77,25,10,8,0,0,0,74.0,72,35,31,7,29,1,66,1,0,1,321,108,3.83,1.365,8.8,0.9,3.5,8.0,2.28,4000000.0
Joel Payamps,2024,30,MIL,NL,1.1,3,7,0.3,3.05,68,0,18,0,0,6,59.0,39,23,20,7,18,4,59,2,0,0,235,134,3.73,0.966,5.9,1.1,2.7,9.0,3.28,3000000.0
Joey Cantillo,2024,24,CLE,AL,-0.1,2,4,0.333,4.89,9,8,1,0,0,0,38.2,35,22,21,6,15,0,44,0,0,4,163,83,4.07,1.293,8.1,1.4,3.5,10.2,2.93,0.0
Joey Estes,2024,22,OAK,AL,0.6,7,9,0.438,5.01,25,24,0,1,1,0,127.2,130,73,71,23,27,1,92,10,0,3,543,79,4.94,1.23,9.2,1.6,1.9,6.5,3.41,0.0
Joey Lucchesi,2024,31,NYM,NL,0.0,0,2,0.0,5.23,2,2,0,0,0,0,10.1,8,6,6,1,8,0,7,0,0,1,46,76,5.39,1.548,7.0,0.9,7.0,6.1,0.88,0.0
Joey Wentz,2024,26,2TM,2LG,0.1,1,2,0.333,4.68,46,0,16,0,0,1,67.1,66,37,35,8,33,1,73,4,2,3,304,88,4.19,1.47,8.8,1.1,4.4,9.8,2.21,0.0
John Brebbia,2024,34,2TM,2LG,-0.5,0,6,0.0,5.86,59,0,22,0,0,2,55.1,56,36,36,11,19,0,67,3,0,1,242,72,4.52,1.355,9.1,1.8,3.1,10.9,3.53,2750000.0
John King,2024,29,STL,NL,0.8,3,3,0.5,2.85,56,0,10,0,0,0,60.0,58,23,19,5,14,1,38,1,1,3,248,146,3.73,1.2,8.7,0.8,2.1,5.7,2.71,1610000.0
John Schreiber,2024,30,KCR,AL,0.5,4,3,0.571,3.66,59,0,5,0,0,2,51.2,48,23,21,1,20,1,46,4,0,1,224,113,3.03,1.316,8.4,0.2,3.5,8.0,2.3,2300000.0
JoJo Romero,2024,27,STL,NL,0.9,7,3,0.7,3.36,65,0,7,0,0,1,59.0,52,23,22,8,16,0,51,5,0,1,243,124,4.27,1.153,7.9,1.2,2.4,7.8,3.19,2260000.0
Jonathan Bowlan,2024,27,KCR,AL,-0.2,0,1,0.0,13.5,1,1,0,0,0,0,2.2,6,4,4,3,3,0,3,0,0,0,17,35,18.92,3.375,20.3,10.1,10.1,10.1,1.0,0.0
Jordan Leasure,2024,25,CHW,AL,-0.4,0,2,0.0,6.32,33,0,4,0,0,2,31.1,32,22,22,6,18,0,26,1,0,3,142,66,5.81,1.596,9.2,1.7,5.2,7.5,1.44,0.0
Jordan Weems,2024,31,WSN,NL,-1.0,1,1,0.5,6.7,41,0,10,0,0,0,41.2,49,35,31,7,24,0,35,2,0,1,196,60,5.54,1.752,10.6,1.5,5.2,7.6,1.46,0.0
Jordan Wicks,2024,24,CHC,NL,-0.5,2,4,0.333,5.48,11,10,0,0,0,0,46.0,55,31,28,9,20,0,42,2,0,3,212,73,5.32,1.63,10.8,1.8,3.9,8.2,2.1,0.0
Jorge Alcala,2024,28,MIN,AL,1.4,4,3,0.571,3.24,54,0,5,0,0,0,58.1,40,23,21,8,20,1,58,3,0,4,235,130,4.14,1.029,6.2,1.2,3.1,8.9,2.9,1145000.0
Jose Quintana,2024,35,NYM,NL,2.5,10,10,0.5,3.75,31,31,0,0,0,0,170.1,150,73,71,22,63,0,135,11,0,7,717,103,4.56,1.25,7.9,1.2,3.3,7.1,2.14,4000000.0
Josh Hader,2024,30,HOU,AL,0.6,8,8,0.5,3.8,71,0,62,0,0,34,71.0,43,33,30,12,25,0,105,1,2,4,278,105,3.5,0.958,5.5,1.5,3.2,13.3,4.2,19000000.0
Josh Winckowski,2024,26,BOS,AL,0.4,4,2,0.667,4.14,40,6,16,0,0,2,76.0,81,44,35,10,26,3,60,4,0,1,336,101,4.48,1.408,9.6,1.2,3.1,7.1,2.31,0.0
José Leclerc,2024,30,TEX,AL,0.0,6,5,0.545,4.32,64,0,13,0,0,1,66.2,56,33,32,7,32,1,89,4,2,5,288,90,3.48,1.32,7.6,0.9,4.3,12.0,2.78,10000000.0
José Ruiz,2024,29,PHI,NL,0.5,5,1,0.833,3.71,52,0,16,0,0,1,51.0,51,23,21,8,17,1,52,1,0,0,217,114,4.22,1.333,9.0,1.4,3.0,9.2,3.06,1230000.0
José Suarez,2024,26,LAA,AL,-0.6,1,2,0.333,6.02,22,3,7,0,0,1,52.1,57,38,35,7,27,0,56,4,0,1,240,70,4.54,1.605,9.8,1.2,4.6,9.6,2.07,1100000.0
JP Sears,2024,28,OAK,AL,2.2,11,13,0.458,4.38,32,32,0,0,0,0,180.2,172,93,88,28,49,0,137,14,1,0,758,90,4.71,1.223,8.6,1.4,2.4,6.8,2.8,0.0
Julian Merryweather,2024,32,CHC,NL,-0.4,1,1,0.5,6.6,15,0,4,0,0,0,15.0,18,11,11,0,9,0,14,3,0,2,74,62,3.7,1.8,10.8,0.0,5.4,8.4,1.56,1230000.0
Justin Bruihl,2024,27,PIT,NL,-0.3,0,0,,9.53,7,0,0,0,0,0,5.2,9,6,6,1,1,1,5,1,0,1,27,47,4.75,1.765,14.3,1.6,1.6,7.9,5.0,0.0
Justin Lawrence,2024,29,COL,NL,-1.7,4,4,0.5,6.49,56,0,21,0,0,2,59.2,73,52,43,9,33,1,45,7,0,3,279,72,5.63,1.777,11.0,1.4,5.0,6.8,1.36,975000.0
Justin Martinez,2024,22,ARI,NL,1.9,5,6,0.455,2.48,64,0,28,0,0,8,72.2,59,26,20,2,36,6,91,2,1,8,308,170,2.59,1.307,7.3,0.2,4.5,11.3,2.53,3600000.0
Justin Slaten,2024,26,BOS,AL,0.9,6,2,0.75,2.93,44,0,8,0,0,2,55.1,47,21,18,4,9,0,58,2,0,4,224,144,2.61,1.012,7.6,0.7,1.5,9.4,6.44,0.0
Justin Steele,2024,28,CHC,NL,1.9,5,5,0.5,3.07,24,24,0,1,0,0,134.2,111,54,46,12,37,0,135,4,0,1,555,130,3.23,1.099,7.4,0.8,2.5,9.0,3.65,6550000.0
Justin Sterner,2024,27,TBR,AL,0.0,0,0,,2.25,2,0,1,0,0,0,4.0,5,2,1,0,1,1,4,0,0,0,19,194,1.92,1.5,11.3,0.0,2.3,9.0,4.0,0.0
Justin Topa,2024,33,MIN,AL,0.2,0,0,,0.0,3,0,2,0,0,0,2.1,1,0,0,0,0,0,2,0,0,0,8,,1.45,0.429,3.9,0.0,0.0,7.7,,1230000.0
Justin Verlander,2024,41,HOU,AL,-0.3,5,6,0.455,5.48,17,17,0,0,0,0,90.1,98,56,55,15,27,0,74,6,1,2,396,73,4.78,1.384,9.8,1.5,2.7,7.4,2.74,15000000.0
Justin Wrobleski,2024,23,LAD,NL,-0.4,1,2,0.333,5.7,8,6,1,0,0,1,36.1,34,24,23,9,16,0,26,1,0,1,154,70,6.36,1.376,8.4,2.2,4.0,6.4,1.63,0.0
Kaleb Ort,2024,32,HOU,AL,0.5,1,1,0.5,2.55,22,0,6,0,0,0,24.2,16,7,7,7,4,0,26,0,0,1,93,158,5.23,0.811,5.8,2.6,1.5,9.5,6.5,0.0
Keegan Akin,2024,29,BAL,AL,1.1,3,1,0.75,3.32,66,0,21,0,0,1,78.2,55,31,29,9,19,1,97,2,0,4,313,116,2.99,0.941,6.3,1.0,2.2,11.1,5.11,1480000.0
Keider Montero,2024,23,DET,AL,0.1,6,6,0.5,4.76,19,16,1,1,1,0,98.1,100,54,52,19,31,0,77,3,0,2,412,86,5.15,1.332,9.2,1.7,2.8,7.0,2.48,0.0
Kenley Jansen,2024,36,BOS,AL,1.3,4,2,0.667,3.29,54,0,38,0,0,27,54.2,38,20,20,4,20,2,62,1,2,2,218,128,3.0,1.061,6.3,0.7,3.3,10.2,3.1,10000000.0
Kenta Maeda,2024,36,DET,AL,-1.8,3,7,0.3,6.09,29,17,2,0,0,0,112.1,124,80,76,22,31,0,96,5,0,3,485,67,4.96,1.38,9.9,1.8,2.5,7.7,3.1,12000000.0
Kevin Gausman,2024,33,TOR,AL,0.9,14,11,0.56,3.83,31,31,0,2,1,0,181.0,165,86,77,20,56,0,162,2,2,3,756,107,3.77,1.221,8.2,1.0,2.8,8.1,2.89,22000000.0
Kevin Ginkel,2024,30,ARI,NL,0.8,8,3,0.727,3.21,72,0,16,0,0,5,70.0,69,31,25,6,15,0,77,3,0,4,291,131,2.85,1.2,8.9,0.8,1.9,9.9,5.13,2430000.0
Kevin Herget,2024,33,MIL,NL,0.3,0,0,,1.59,7,0,5,0,0,1,11.1,6,2,2,1,3,0,9,0,0,0,43,264,3.52,0.794,4.8,0.8,2.4,7.1,3.0,0.0
Kirby Yates,2024,37,TEX,AL,3.3,7,2,0.778,1.17,61,0,50,0,0,33,61.2,23,10,8,3,28,5,85,2,2,1,237,333,2.5,0.827,3.4,0.4,4.1,12.4,3.04,13000000.0
Kodai Senga,2024,31,NYM,NL,0.1,1,0,1.0,3.38,1,1,0,0,0,0,5.1,2,2,2,1,1,0,9,1,0,0,20,123,3.35,0.563,3.4,1.7,1.7,15.2,9.0,15000000.0
Kody Funderburk,2024,27,MIN,AL,-0.6,1,0,1.0,6.49,27,0,6,0,0,1,34.2,41,26,25,4,15,0,32,5,1,4,161,65,4.55,1.615,10.6,1.0,3.9,8.3,2.13,0.0
Kolby Allard,2024,26,PHI,NL,0.2,2,0,1.0,5.0,7,4,0,0,0,0,27.0,34,15,15,5,8,0,23,0,0,0,117,85,4.76,1.556,11.3,1.7,2.7,7.7,2.88,0.0
Kris Bubic,2024,26,KCR,AL,0.8,1,1,0.5,2.67,27,0,7,0,0,1,30.1,26,12,9,2,5,3,39,0,0,1,121,155,1.95,1.022,7.7,0.6,1.5,11.6,7.8,3000000.0
Kumar Rocker,2024,24,TEX,AL,0.0,0,2,0.0,3.86,3,3,0,0,0,0,11.2,12,6,5,1,6,0,14,1,0,1,55,103,3.68,1.543,9.3,0.8,4.6,10.8,2.33,0.0
Kyle Finnegan,2024,32,WSN,NL,1.0,3,8,0.273,3.68,65,0,58,0,0,38,63.2,61,31,26,9,24,3,60,0,0,2,271,110,4.25,1.335,8.6,1.3,3.4,8.5,2.5,5380000.0
Kyle Freeland,2024,31,COL,NL,0.0,5,8,0.385,5.24,21,21,0,0,0,0,113.1,134,73,66,22,26,0,85,1,0,1,490,89,4.9,1.412,10.6,1.7,2.1,6.8,3.27,12900000.0
Kyle Gibson,2024,36,STL,NL,1.0,8,8,0.5,4.24,30,30,0,0,0,0,169.2,161,91,80,23,68,1,151,4,0,5,722,98,4.42,1.35,8.5,1.2,3.6,8.0,2.22,5250000.0
Kyle Harrison,2024,22,SFG,NL,0.7,7,7,0.5,4.56,24,24,0,0,0,0,124.1,125,65,63,18,42,0,118,7,1,2,532,86,4.33,1.343,9.0,1.3,3.0,8.5,2.81,0.0
Kyle Hendricks,2024,34,CHC,NL,-1.5,4,12,0.25,5.92,29,24,4,0,0,0,130.2,147,88,86,21,43,0,87,3,0,0,567,67,4.98,1.454,10.1,1.4,3.0,6.0,2.02,2500000.0
Kyle Leahy,2024,27,STL,NL,0.2,1,1,0.5,4.07,33,0,14,0,0,1,48.2,40,23,22,4,10,0,33,1,0,3,191,102,3.56,1.027,7.4,0.7,1.8,6.1,3.3,0.0
Kyle Nicolas,2024,25,PIT,NL,0.2,2,2,0.5,3.95,51,0,20,0,0,0,54.2,51,30,24,4,31,1,55,4,1,7,243,108,4.03,1.5,8.4,0.7,5.1,9.1,1.77,0.0
Lake Bachar,2024,29,MIA,NL,0.1,0,1,0.0,3.86,10,0,0,0,0,0,9.1,10,5,4,2,4,0,11,0,0,0,40,116,4.88,1.5,9.6,1.9,3.9,10.6,2.75,0.0
Landen Roupp,2024,25,SFG,NL,0.6,1,2,0.333,3.58,23,4,3,0,0,0,50.1,43,21,20,2,26,0,47,1,2,3,217,110,3.42,1.371,7.7,0.4,4.6,8.4,1.81,0.0
Landon Knack,2024,26,LAD,NL,0.9,3,5,0.375,3.65,15,12,1,0,0,1,69.0,58,28,28,14,18,0,69,3,1,1,286,109,4.72,1.101,7.6,1.8,2.3,9.0,3.83,0.0
Logan Allen,2024,27,ARI,NL,-0.1,0,1,0.0,5.46,12,0,4,0,0,1,28.0,32,17,17,3,10,0,21,2,0,0,128,77,4.34,1.5,10.3,1.0,3.2,6.8,2.1,0.0
Logan Gilbert,2024,27,SEA,AL,2.8,9,12,0.429,3.23,33,33,0,1,0,0,208.2,148,83,75,26,37,1,220,4,0,11,803,115,3.27,0.887,6.4,1.1,1.6,9.5,5.95,7630000.0
Logan Gillaspie,2024,27,SDP,NL,-0.2,0,0,,7.15,9,0,4,0,0,0,11.1,15,9,9,2,0,0,7,1,0,0,49,59,4.49,1.324,11.9,1.6,0.0,5.6,,0.0
Logan Webb,2024,27,SFG,NL,3.6,13,10,0.565,3.47,33,33,0,1,1,0,204.2,202,83,79,11,50,3,172,2,1,4,841,112,2.95,1.231,8.9,0.5,2.2,7.6,3.44,18000000.0
Louis Varland,2024,26,MIN,AL,-1.4,0,6,0.0,7.61,16,7,1,0,0,0,49.2,68,44,42,12,16,1,49,4,0,0,238,55,5.54,1.691,12.3,2.2,2.9,8.9,3.06,0.0
Lucas Erceg,2024,29,2TM,AL,1.3,2,6,0.25,3.36,61,0,16,0,0,14,61.2,49,26,23,3,16,2,72,6,1,5,253,121,2.53,1.054,7.2,0.4,2.3,10.5,4.5,0.0
Lucas Sims,2024,30,2TM,2LG,0.5,1,6,0.143,4.38,58,0,6,0,0,1,49.1,41,24,24,8,30,0,49,2,0,2,215,101,5.23,1.439,7.5,1.5,5.5,8.9,1.63,3000000.0
Luis Contreras,2024,28,HOU,AL,-0.1,0,0,,9.0,5,0,3,0,0,0,6.0,7,6,6,0,2,0,6,0,0,0,26,47,2.17,1.5,10.5,0.0,3.0,9.0,3.0,0.0
Luis Guerrero,2024,23,BOS,AL,0.5,0,0,,0.0,9,0,2,0,0,0,10.0,6,1,0,0,2,0,9,0,0,0,36,,1.97,0.8,5.4,0.0,1.8,8.1,4.5,0.0
Luis Peralta,2024,23,COL,NL,0.8,0,0,,0.73,15,0,1,0,0,0,12.1,7,1,1,0,5,0,14,2,0,2,49,652,2.6,0.973,5.1,0.0,3.6,10.2,2.8,0.0
Luis Severino,2024,30,NYM,NL,1.7,11,7,0.611,3.91,31,31,0,1,1,0,182.0,166,86,79,23,60,0,161,11,2,6,761,99,4.21,1.242,8.2,1.1,3.0,8.0,2.68,22500000.0
Luke Jackson,2024,32,2TM,NL,-0.4,4,3,0.571,5.09,52,0,14,0,0,0,53.0,52,33,30,7,26,0,59,2,0,5,235,79,4.24,1.472,8.8,1.2,4.4,10.0,2.27,1500000.0
Luke Little,2024,23,CHC,NL,0.3,3,1,0.75,3.46,30,1,7,0,0,0,26.0,15,11,10,1,18,1,28,4,0,3,109,116,4.05,1.269,5.2,0.3,6.2,9.7,1.56,0.0
Luke Weaver,2024,30,NYY,AL,1.9,7,3,0.7,2.89,62,0,12,0,0,4,84.0,52,28,27,10,26,0,103,4,0,1,331,140,3.33,0.929,5.6,1.1,2.8,11.0,3.96,2250000.0
Lyon Richardson,2024,24,CIN,NL,-0.1,0,0,,27.0,1,0,0,0,0,0,0.2,2,2,2,1,1,0,1,0,0,0,5,25,24.17,4.5,27.0,13.5,13.5,13.5,1.0,0.0
MacKenzie Gore,2024,25,WSN,NL,0.8,10,12,0.455,3.9,32,32,0,0,0,0,166.1,171,93,72,15,65,0,181,11,0,14,731,103,3.53,1.419,9.3,0.8,3.5,9.8,2.78,2890000.0
Marc Church,2024,23,TEX,AL,0.0,0,0,,0.0,1,0,0,0,0,0,1.0,1,0,0,0,0,0,1,0,0,0,4,,1.17,1.0,9.0,0.0,0.0,9.0,,0.0
Marcus Stroman,2024,33,NYY,AL,0.8,10,9,0.526,4.31,30,29,1,0,0,1,154.2,167,81,74,19,60,0,113,8,0,2,675,94,4.62,1.468,9.7,1.1,3.5,6.6,1.88,18500000.0
Mason Black,2024,24,SFG,NL,-0.5,1,5,0.167,6.44,9,8,0,0,0,0,36.1,46,26,26,7,15,0,31,3,0,0,169,61,5.45,1.679,11.4,1.7,3.7,7.7,2.07,0.0
Mason Englert,2024,24,DET,AL,-0.3,1,0,1.0,5.4,12,1,5,0,0,0,21.2,23,15,13,4,5,1,16,1,0,2,93,76,4.92,1.292,9.6,1.7,2.1,6.6,3.2,0.0
Mason Montgomery,2024,24,TBR,AL,0.4,0,0,,1.86,9,0,1,0,0,0,9.2,6,2,2,0,5,0,17,0,0,0,37,222,1.2,1.138,5.6,0.0,4.7,15.8,3.4,0.0
Matt Bowman,2024,33,4TM,2LG,0.2,1,0,1.0,4.4,25,1,6,0,0,0,30.2,26,15,15,5,13,1,24,2,0,0,132,95,5.19,1.272,7.6,1.5,3.8,7.0,1.85,1100000.0
Matt Festa,2024,31,2TM,2LG,-0.8,6,1,0.857,5.7,19,0,4,0,0,0,23.2,21,18,15,2,8,1,24,1,0,0,100,70,3.38,1.225,8.0,0.8,3.0,9.1,3.0,0.0
Matt Krook,2024,29,BAL,AL,-0.1,0,0,,18.0,1,0,0,0,0,0,1.0,1,3,2,1,1,0,2,0,0,0,6,30,15.17,2.0,9.0,9.0,9.0,18.0,2.0,0.0
Matt Sauer,2024,25,KCR,AL,-0.2,0,0,,7.71,14,0,8,0,0,0,16.1,23,14,14,3,11,0,9,1,0,1,84,54,6.66,2.082,12.7,1.7,6.1,5.0,0.82,0.0
Matt Strahm,2024,32,PHI,NL,2.5,6,2,0.75,1.87,66,0,10,0,0,3,62.2,36,14,13,4,11,1,79,6,0,2,237,225,2.29,0.75,5.2,0.6,1.6,11.3,7.18,7500000.0
Matt Waldron,2024,27,SDP,NL,0.9,7,11,0.389,4.91,27,26,0,0,0,0,146.2,145,84,80,21,40,0,133,11,1,5,625,84,4.26,1.261,8.9,1.3,2.5,8.2,3.33,0.0
Matthew Boyd,2024,33,CLE,AL,0.7,2,2,0.5,2.72,8,8,0,0,0,0,39.2,32,16,12,4,13,0,46,2,1,0,166,149,3.29,1.134,7.3,0.9,2.9,10.4,3.54,14500000.0
Matthew Liberatore,2024,24,STL,NL,0.3,3,4,0.429,4.4,60,6,8,0,0,0,86.0,81,44,42,11,28,3,76,2,0,3,358,95,4.11,1.267,8.5,1.2,2.9,8.0,2.71,0.0
Max Fried,2024,30,ATL,NL,3.5,11,10,0.524,3.25,29,29,0,2,1,0,174.1,146,71,63,13,57,0,166,7,0,6,714,129,3.33,1.164,7.5,0.7,2.9,8.6,2.91,27250000.0
Max Lazar,2024,25,PHI,NL,0.1,0,0,,4.61,11,0,5,0,0,0,13.2,13,7,7,2,2,0,9,0,0,0,54,93,4.19,1.098,8.6,1.3,1.3,5.9,4.5,0.0
Max Meyer,2024,25,MIA,NL,0.1,3,5,0.375,5.68,11,11,0,0,0,0,57.0,62,38,36,14,19,0,46,3,0,0,248,76,5.9,1.421,9.8,2.2,3.0,7.3,2.42,0.0
Max Scherzer,2024,39,TEX,AL,0.4,2,4,0.333,3.95,9,9,0,0,0,0,43.1,40,20,19,7,10,0,40,1,0,2,177,99,4.18,1.154,8.3,1.5,2.1,8.3,4.0,15500000.0
Merrill Kelly,2024,35,ARI,NL,1.1,5,1,0.833,4.03,13,13,0,0,0,0,73.2,67,35,33,11,19,0,63,2,2,1,300,104,4.25,1.167,8.2,1.3,2.3,7.7,3.32,8000000.0
Michael King,2024,29,SDP,NL,4.1,13,9,0.591,2.95,31,30,0,0,0,0,173.2,144,71,57,17,63,2,201,7,0,1,726,139,3.33,1.192,7.5,0.9,3.3,10.4,3.19,7750000.0
Michael Kopech,2024,28,2TM,2LG,1.4,6,8,0.429,3.46,67,0,35,0,0,15,67.2,44,27,26,9,34,2,88,5,2,6,279,119,4.02,1.153,5.9,1.2,4.5,11.7,2.59,5200000.0
Michael Lorenzen,2024,32,2TM,AL,2.7,7,6,0.538,3.31,26,24,1,0,0,0,130.1,101,49,48,17,60,0,97,6,0,3,536,119,4.89,1.235,7.0,1.2,4.1,6.7,1.62,7000000.0
Michael McGreevy,2024,23,STL,NL,0.9,3,0,1.0,1.96,4,3,1,0,0,0,23.0,16,5,5,1,2,0,18,1,0,0,86,215,2.56,0.783,6.3,0.4,0.8,7.0,9.0,0.0
Michael Mercado,2024,25,PHI,NL,-0.7,1,2,0.333,11.08,5,2,0,0,0,0,13.0,16,16,16,9,9,0,10,1,0,1,64,39,12.94,1.923,11.1,6.2,6.2,6.9,1.11,0.0
Michael Petersen,2024,30,2TM,NL,-0.3,3,1,0.75,5.95,16,0,5,0,0,0,19.2,21,14,13,3,11,1,14,1,1,0,90,71,5.56,1.627,9.6,1.4,5.0,6.4,1.27,0.0
Michael Soroka,2024,26,CHW,AL,0.7,0,10,0.0,4.74,25,9,7,0,0,0,79.2,66,49,42,13,44,1,84,3,2,2,347,88,4.95,1.381,7.5,1.5,5.0,9.5,1.91,9000000.0
Michael Wacha,2024,32,KCR,AL,3.4,13,8,0.619,3.35,29,29,0,0,0,0,166.2,154,65,62,17,45,1,145,5,0,3,685,123,3.65,1.194,8.3,0.9,2.4,7.8,3.22,17000000.0
Miguel Castro,2024,29,ARI,NL,-0.1,0,0,,5.93,11,0,2,0,0,0,13.2,20,9,9,3,3,0,8,1,0,0,64,72,5.73,1.683,13.2,2.0,2.0,5.3,2.67,0.0
Mike Burrows,2024,24,PIT,NL,0.0,1,0,1.0,2.7,1,0,0,0,0,0,3.1,2,2,1,1,3,0,2,0,0,0,14,173,8.57,1.5,5.4,2.7,8.1,5.4,0.67,0.0
Mike Clevinger,2024,33,CHW,AL,-0.1,0,3,0.0,6.75,4,4,0,0,0,0,16.0,22,13,12,4,9,1,15,0,0,2,78,63,6.23,1.938,12.4,2.3,5.1,8.4,1.67,1500000.0
Miles Mikolas,2024,35,STL,NL,-0.3,10,11,0.476,5.35,32,32,0,0,0,0,171.2,194,106,102,26,25,0,122,5,1,0,720,78,4.24,1.276,10.2,1.4,1.3,6.4,4.88,18583333.333333332
Mitch Spence,2024,26,OAK,AL,1.6,8,10,0.444,4.58,35,24,2,0,0,0,151.1,165,79,77,20,44,0,126,6,1,8,651,86,4.21,1.381,9.8,1.2,2.6,7.5,2.86,0.0
Mitchell Parker,2024,24,WSN,NL,0.7,7,10,0.412,4.29,29,29,0,0,0,0,151.0,154,82,72,18,43,0,133,2,0,7,646,94,3.85,1.305,9.2,1.1,2.6,7.9,3.09,0.0
Nate Pearson,2024,27,2TM,2LG,-0.2,2,2,0.5,4.48,60,1,17,0,0,2,66.1,67,34,33,12,21,0,74,3,0,2,285,91,4.37,1.327,9.1,1.6,2.8,10.0,3.52,1350000.0
Nathan Eovaldi,2024,34,TEX,AL,2.2,12,8,0.6,3.8,29,29,0,0,0,0,170.2,147,74,72,23,42,0,166,7,0,3,696,102,3.83,1.107,7.8,1.2,2.2,8.8,3.95,25000000.0
Nestor Cortes,2024,29,NYY,AL,2.6,9,10,0.474,3.77,31,30,1,0,0,0,174.1,162,74,73,24,39,0,162,4,1,2,710,107,3.84,1.153,8.4,1.2,2.0,8.4,4.15,7600000.0
Nick Burdi,2024,31,NYY,AL,0.3,1,0,1.0,1.86,12,0,1,0,0,0,9.2,5,2,2,1,9,0,12,2,0,3,45,224,5.44,1.448,4.7,0.9,8.4,11.2,1.33,0.0
Nick Hernandez,2024,29,HOU,AL,-0.1,0,0,,7.88,5,0,2,0,0,0,8.0,10,7,7,4,1,0,10,0,0,0,34,53,7.54,1.375,11.3,4.5,1.1,11.3,10.0,0.0
Nick Lodolo,2024,26,CIN,NL,1.2,9,6,0.6,4.76,21,21,0,0,0,0,115.1,101,62,61,13,37,0,122,18,0,1,493,93,3.95,1.197,7.9,1.0,2.9,9.5,3.3,1980000.0
Nick Martinez,2024,33,CIN,NL,4.0,10,7,0.588,3.1,42,16,3,1,0,0,142.1,128,56,49,13,18,0,116,5,0,4,570,143,3.21,1.026,8.1,0.8,1.1,7.3,6.44,21050000.0
Nick Martini,2024,33,CIN,NL,4.0,10,7,0.588,3.1,42,16,3,1,0,0,142.1,128,56,49,13,18,0,116,5,0,4,570,143,3.21,1.026,8.1,0.8,1.1,7.3,6.44,21050000.0
Nick Mears,2024,27,2TM,NL,-0.4,1,5,0.167,5.93,54,0,12,0,0,0,57.2,61,40,38,7,24,1,75,0,0,3,256,77,3.39,1.474,9.5,1.1,3.7,11.7,3.13,963000.0
Nick Pivetta,2024,31,BOS,AL,1.7,6,12,0.333,4.14,27,26,0,0,0,0,145.2,128,70,67,28,36,1,172,1,0,4,595,101,4.07,1.126,7.9,1.7,2.2,10.6,4.78,13750000.0
Nick Sandlin,2024,27,CLE,AL,-0.1,8,0,1.0,3.75,68,1,7,0,0,1,57.2,46,29,24,12,27,2,68,6,0,1,246,108,5.23,1.266,7.2,1.9,4.2,10.6,2.52,1630000.0
Noah Davis,2024,27,COL,NL,-0.2,0,0,,5.75,9,0,2,0,0,0,20.1,31,15,13,3,7,0,15,0,0,0,96,82,4.64,1.869,13.7,1.3,3.1,6.6,2.14,0.0
Orion Kerkering,2024,23,PHI,NL,1.6,5,3,0.625,2.29,64,2,6,0,0,0,63.0,51,20,16,2,17,0,74,8,0,1,257,184,2.42,1.079,7.3,0.3,2.4,10.6,4.35,0.0
Orlando Ribalta,2024,26,WSN,NL,-0.1,0,0,,13.5,4,0,3,0,0,0,3.1,10,5,5,0,2,0,3,1,0,0,23,33,4.07,3.6,27.0,0.0,5.4,8.1,1.5,0.0
Osvaldo Bido,2024,28,OAK,AL,1.6,5,3,0.625,3.41,16,9,3,0,0,0,63.1,43,25,24,3,26,1,63,7,0,3,259,116,3.36,1.089,6.1,0.4,3.7,9.0,2.42,0.0
Owen White,2024,24,TEX,AL,-0.3,0,0,,24.0,3,0,2,0,0,0,3.0,9,8,8,1,1,0,0,0,0,0,18,18,8.5,3.333,27.0,3.0,3.0,0.0,0.0,0.0
Patrick Corbin,2024,34,WSN,NL,-0.9,6,13,0.316,5.62,32,32,0,0,0,0,174.2,208,114,109,25,54,1,139,3,0,3,764,72,4.41,1.5,10.7,1.3,2.8,7.2,2.57,1100000.0
Paul Blackburn,2024,30,2TM,2LG,0.5,5,4,0.556,4.66,14,14,0,0,0,0,75.1,76,41,39,12,21,0,59,3,0,0,316,85,4.63,1.288,9.1,1.4,2.5,7.0,2.81,4050000.0
Paul Sewald,2024,34,ARI,NL,0.2,1,2,0.333,4.31,42,0,34,0,0,16,39.2,35,19,19,6,10,1,43,3,0,0,165,98,3.95,1.134,7.9,1.4,2.3,9.8,4.3,7000000.0
Paul Skenes,2024,22,PIT,NL,5.9,11,3,0.786,1.96,23,23,0,0,0,0,133.0,94,31,29,10,32,0,170,6,1,2,514,216,2.44,0.947,6.4,0.7,2.2,11.5,5.31,0.0
Pete Fairbanks,2024,30,TBR,AL,0.8,3,3,0.5,3.57,46,0,36,0,0,23,45.1,36,20,18,4,17,2,44,0,1,2,185,112,3.5,1.169,7.1,0.8,3.4,8.7,2.59,4000000.0
Phil Maton,2024,31,2TM,2LG,0.9,3,3,0.5,3.66,71,0,16,0,0,3,64.0,47,27,26,7,24,1,60,9,0,1,265,109,4.26,1.109,6.6,1.0,3.4,8.4,2.5,2000000.0
Pierce Johnson,2024,33,ATL,NL,0.7,6,6,0.5,3.67,58,0,12,0,0,2,56.1,48,25,23,6,25,1,67,2,0,2,236,114,3.61,1.296,7.7,1.0,4.0,10.7,2.68,7125000.0
Porter Hodge,2024,23,CHC,NL,1.3,3,1,0.75,1.88,39,0,17,0,0,9,43.0,19,10,9,2,19,0,52,1,0,1,164,213,2.75,0.884,4.0,0.4,4.0,10.9,2.74,0.0
Quinn Priester,2024,23,2TM,2LG,-0.1,3,6,0.333,4.71,11,7,1,0,0,0,49.2,56,30,26,7,14,0,33,3,0,1,221,91,4.7,1.409,10.1,1.3,2.5,6.0,2.36,0.0
Rafael Montero,2024,33,HOU,AL,-0.1,1,2,0.333,4.7,41,0,7,0,0,0,38.1,35,21,20,8,19,0,23,3,0,0,164,86,6.4,1.409,8.2,1.9,4.5,5.4,1.21,11500000.0
Raisel Iglesias,2024,34,ATL,NL,2.9,6,2,0.75,1.95,66,0,52,0,0,34,69.1,38,19,15,4,13,3,68,3,0,1,259,216,2.65,0.736,4.9,0.5,1.7,8.8,5.23,14500000.0
Randy Dobnak,2024,29,MIN,AL,0.0,0,0,,5.59,5,0,3,0,0,0,9.2,11,6,6,1,5,1,7,0,0,1,45,78,4.61,1.655,10.2,0.9,4.7,6.5,1.4,1850000.0
Reed Garrett,2024,31,NYM,NL,0.2,8,5,0.615,3.77,53,0,13,0,0,4,57.1,50,28,24,6,30,1,83,2,0,3,247,103,3.31,1.395,7.8,0.9,4.7,13.0,2.77,0.0
Reese Olson,2024,24,DET,AL,1.3,4,8,0.333,3.53,22,22,0,0,0,0,112.1,100,51,44,7,33,0,101,4,0,4,465,116,3.17,1.184,8.0,0.6,2.6,8.1,3.06,0.0
Reid Detmers,2024,24,LAA,AL,-1.1,4,9,0.308,6.7,17,17,0,0,0,0,87.1,98,67,65,18,38,0,109,2,0,4,391,63,4.72,1.557,10.1,1.9,3.9,11.2,2.87,1830000.0
Richard Fitts,2024,24,BOS,AL,0.6,0,1,0.0,1.74,4,4,0,0,0,0,20.2,19,6,4,0,7,0,9,0,0,1,85,244,3.31,1.258,8.3,0.0,3.0,3.9,1.29,0.0
Richard Lovelady,2024,28,2TM,2LG,0.2,3,6,0.333,4.46,35,0,8,0,0,2,34.1,34,18,17,3,11,1,26,2,0,1,147,91,3.92,1.311,8.9,0.8,2.9,6.8,2.36,0.0
Rob Zastryzny,2024,32,MIL,NL,0.3,1,0,1.0,1.17,9,3,2,0,0,0,7.2,4,1,1,0,1,0,5,1,0,0,29,363,2.64,0.652,4.7,0.0,1.2,5.9,5.0,0.0
Robert Suarez,2024,33,SDP,NL,2.0,9,3,0.75,2.77,65,0,55,0,0,36,65.0,52,21,20,7,16,1,59,0,0,1,258,149,3.49,1.046,7.2,1.0,2.2,8.2,3.69,10000000.0
Ronel Blanco,2024,30,HOU,AL,4.4,13,6,0.684,2.8,30,29,1,1,1,0,167.1,114,56,52,22,68,0,166,2,0,3,676,143,4.15,1.088,6.1,1.2,3.7,8.9,2.44,0.0
Ronny Henriquez,2024,24,MIN,AL,0.3,1,1,0.5,3.26,16,1,6,0,0,0,19.1,20,8,7,2,5,1,15,2,0,1,82,131,4.05,1.293,9.3,0.9,2.3,7.0,3.0,0.0
Ryan Borucki,2024,30,PIT,NL,-0.3,0,0,,7.36,14,0,3,0,0,0,11.0,14,10,9,2,4,0,13,1,0,0,51,59,4.53,1.636,11.5,1.6,3.3,10.6,3.25,1150000.0
Ryan Brasier,2024,36,LAD,NL,0.2,1,0,1.0,3.54,29,4,3,0,0,0,28.0,22,12,11,3,5,0,25,0,0,1,110,114,3.31,0.964,7.1,1.0,1.6,8.0,5.0,4500000.0
Ryan Burr,2024,30,TOR,AL,0.0,0,2,0.0,4.13,34,4,5,0,0,0,32.2,29,16,15,4,12,0,47,1,0,0,140,100,3.07,1.255,8.0,1.1,3.3,12.9,3.92,0.0
Ryan Feltner,2024,27,COL,NL,1.1,3,10,0.231,4.49,30,30,0,0,0,0,162.1,165,94,81,20,52,0,138,7,0,4,692,103,4.16,1.337,9.1,1.1,2.9,7.7,2.65,2280000.0
Ryan Fernandez,2024,26,STL,NL,1.0,1,6,0.143,3.51,62,0,16,0,0,2,66.2,58,30,26,4,32,5,71,2,0,0,285,119,3.35,1.35,7.8,0.5,4.3,9.6,2.22,0.0
Ryan Helsley,2024,29,STL,NL,2.9,7,4,0.636,2.04,65,0,62,0,0,49,66.1,50,19,15,3,23,3,79,0,0,1,266,204,2.41,1.101,6.8,0.4,3.1,10.7,3.43,8199999.999999999
Ryan Loutos,2024,25,STL,NL,0.1,0,0,,0.0,3,0,3,0,0,0,2.1,2,0,0,0,1,0,0,0,0,0,10,,4.45,1.286,7.7,0.0,3.9,0.0,0.0,0.0
Ryan Pepiot,2024,26,TBR,AL,2.1,8,8,0.5,3.6,26,26,0,0,0,0,130.0,102,58,52,17,48,0,142,7,0,4,539,111,3.95,1.154,7.1,1.2,3.3,9.8,2.96,0.0
Ryan Pressly,2024,35,HOU,AL,0.3,2,3,0.4,3.49,59,0,8,0,0,4,56.2,58,25,22,4,18,0,58,2,0,7,244,115,3.1,1.341,9.2,0.6,2.9,9.2,3.22,14000000.0
Ryan Walker,2024,28,SFG,NL,2.8,10,4,0.714,1.91,76,1,22,0,0,10,80.0,50,19,17,5,18,1,99,9,0,2,308,204,2.52,0.85,5.6,0.6,2.0,11.1,5.5,0.0
Ryan Weathers,2024,24,MIA,NL,2.1,5,6,0.455,3.63,16,16,0,0,0,0,86.2,78,39,35,11,24,1,80,9,1,2,367,119,4.11,1.177,8.1,1.1,2.5,8.3,3.33,0.0
Ryan Yarbrough,2024,32,2TM,2LG,1.2,5,2,0.714,3.19,44,0,12,0,0,1,98.2,70,36,35,11,32,3,65,12,0,0,398,127,4.64,1.034,6.4,1.0,2.9,5.9,2.03,2000000.0
Ryan Zeferjahn,2024,26,LAA,AL,0.5,0,0,,2.12,12,0,4,0,0,0,17.0,7,4,4,0,6,1,18,2,0,0,64,202,2.46,0.765,3.7,0.0,3.2,9.5,3.0,0.0
Ryne Nelson,2024,26,ARI,NL,1.6,10,6,0.625,4.24,28,25,1,0,0,1,150.2,155,73,71,17,34,2,126,5,0,4,630,99,3.74,1.254,9.3,1.0,2.0,7.5,3.71,0.0
Ryne Stanek,2024,32,2TM,2LG,-0.6,7,3,0.7,4.88,63,0,14,0,0,7,55.1,48,32,30,8,25,2,67,3,0,3,241,78,4.14,1.319,7.8,1.3,4.1,10.9,2.68,4500000.0
Sam Aldegheri,2024,22,LAA,AL,-0.3,1,2,0.333,4.85,3,3,0,0,0,0,13.0,15,12,7,2,10,0,10,2,0,2,67,89,6.4,1.923,10.4,1.4,6.9,6.9,1.0,0.0
Sam Long,2024,28,KCR,AL,0.7,3,3,0.5,3.16,43,0,5,0,0,1,42.2,34,17,15,5,17,1,44,1,1,3,176,131,3.89,1.195,7.2,1.1,3.6,9.3,2.59,0.0
Sam Moll,2024,32,CIN,NL,0.8,3,2,0.6,3.35,48,0,7,0,0,0,37.2,27,16,14,3,14,2,38,2,0,0,152,134,3.46,1.088,6.5,0.7,3.3,9.1,2.71,1010000.0
Scott Barlow,2024,31,CLE,AL,0.2,3,3,0.5,4.25,63,0,15,0,0,2,55.0,44,27,26,6,31,1,68,4,0,2,241,95,4.02,1.364,7.2,1.0,5.1,11.1,2.19,2500000.0
Scott Blewett,2024,28,MIN,AL,0.8,1,1,0.5,1.77,12,0,4,0,0,0,20.1,17,5,4,2,8,2,18,1,0,0,85,240,4.0,1.23,7.5,0.9,3.5,8.0,2.25,0.0
Scott Effross,2024,30,NYY,AL,0.0,0,0,,5.4,3,0,1,0,0,0,3.1,3,2,2,1,2,0,2,0,0,0,14,83,7.67,1.5,8.1,2.7,5.4,5.4,1.0,800000.0
Scott McGough,2024,34,ARI,NL,-1.1,1,3,0.25,7.44,26,2,7,0,0,0,32.2,34,30,27,6,21,0,25,1,1,1,150,57,6.04,1.684,9.4,1.7,5.8,6.9,1.19,0.0
Sean Burke,2024,24,CHW,AL,0.9,2,0,1.0,1.42,4,3,1,0,0,0,19.0,12,4,3,2,7,0,22,0,0,1,76,297,3.32,1.0,5.7,0.9,3.3,10.4,3.14,0.0
Sean Guenther,2024,28,DET,AL,1.0,3,0,1.0,0.86,17,0,4,0,0,0,21.0,9,2,2,0,2,0,12,2,0,0,73,482,2.59,0.524,3.9,0.0,0.9,5.1,6.0,0.0
Sean Hjelle,2024,27,SFG,NL,0.6,3,4,0.429,3.9,58,0,12,0,0,0,80.2,84,37,35,10,14,2,75,5,0,0,337,100,3.62,1.215,9.4,1.1,1.6,8.4,5.36,0.0
Sean Newcomb,2024,31,OAK,AL,-0.1,1,0,1.0,6.3,7,0,3,0,0,0,10.0,9,7,7,2,8,1,7,1,0,0,45,65,7.07,1.7,8.1,1.8,7.2,6.3,0.88,0.0
Sean Reynolds,2024,26,SDP,NL,0.3,0,0,,0.82,9,0,3,0,0,0,11.0,10,1,1,0,5,0,21,1,0,0,49,518,0.98,1.364,8.2,0.0,4.1,17.2,4.2,0.0
Seth Halvorsen,2024,24,COL,NL,0.6,2,1,0.667,1.46,12,0,8,0,0,2,12.1,8,3,2,2,2,0,13,1,1,0,46,326,3.9,0.811,5.8,1.5,1.5,9.5,6.5,0.0
Seth Johnson,2024,25,PHI,NL,-0.4,0,1,0.0,34.71,1,1,0,0,0,0,2.1,8,9,9,1,3,0,0,0,0,0,18,14,12.59,4.714,30.9,3.9,11.6,0.0,0.0,0.0
Seth Lugo,2024,34,KCR,AL,5.4,16,9,0.64,3.0,33,33,0,1,0,0,206.2,177,75,69,16,48,1,181,9,0,4,836,137,3.25,1.089,7.7,0.7,2.1,7.9,3.77,15000000.0
Shane Baz,2024,25,TBR,AL,2.2,4,3,0.571,3.06,14,14,0,0,0,0,79.1,57,28,27,9,27,0,69,4,0,2,319,131,4.07,1.059,6.5,1.0,3.1,7.8,2.56,1450000.0
Shaun Anderson,2024,29,2TM,2LG,-0.6,0,2,0.0,8.27,6,2,3,0,0,0,16.1,34,19,15,3,1,0,10,1,0,2,85,53,4.7,2.143,18.7,1.7,0.6,5.5,10.0,0.0
Shawn Armstrong,2024,33,3TM,2LG,-0.3,3,3,0.5,4.86,57,7,9,0,0,1,66.2,77,38,36,6,25,0,66,2,1,1,295,84,3.57,1.53,10.4,0.8,3.4,8.9,2.64,1130000.0
Shawn Dubin,2024,28,HOU,AL,-0.1,1,1,0.5,4.17,31,2,11,0,0,2,45.1,45,25,21,3,26,0,49,2,0,1,207,96,3.72,1.566,8.9,0.6,5.2,9.7,1.88,0.0
Shelby Miller,2024,33,DET,AL,0.0,6,8,0.429,4.53,51,0,18,0,0,2,55.2,41,31,28,9,13,0,49,5,0,1,225,90,4.48,0.97,6.6,1.5,2.1,7.9,3.77,1000000.0
Shota Imanaga,2024,30,CHC,NL,3.0,15,3,0.833,2.91,29,29,0,0,0,0,173.1,149,66,56,27,28,0,174,3,0,3,694,137,3.72,1.021,7.7,1.4,1.5,9.0,6.21,11250000.0
Simeon Woods Richardson,2024,23,MIN,AL,2.0,5,5,0.5,4.17,28,28,0,0,0,0,133.2,125,63,62,16,48,0,117,3,0,3,569,100,4.12,1.294,8.4,1.1,3.2,7.9,2.44,0.0
Slade Cecconi,2024,25,ARI,NL,-1.1,2,7,0.222,6.66,20,13,2,0,0,0,77.0,92,57,57,16,17,1,64,4,1,2,338,63,5.02,1.416,10.8,1.9,2.0,7.5,3.76,0.0
Sonny Gray,2024,34,STL,NL,1.8,13,9,0.591,3.84,28,28,0,0,0,0,166.1,142,79,71,21,39,0,203,3,1,7,671,108,3.12,1.088,7.7,1.1,2.1,11.0,5.21,25000000.0
Spencer Arrighetti,2024,24,HOU,AL,0.3,7,13,0.35,4.53,29,28,0,0,0,0,145.0,139,80,73,21,65,0,171,7,0,3,632,88,4.18,1.407,8.6,1.3,4.0,10.6,2.63,0.0
Spencer Bivens,2024,30,SFG,NL,0.6,3,1,0.75,3.14,27,2,8,0,0,1,48.2,47,20,17,9,11,1,37,1,0,0,202,125,4.79,1.192,8.7,1.7,2.0,6.8,3.36,0.0
Spencer Schwellenbach,2024,24,ATL,NL,2.7,8,7,0.533,3.35,21,21,0,0,0,0,123.2,106,49,46,14,23,1,127,6,0,3,500,125,3.29,1.043,7.7,1.0,1.7,9.2,5.52,0.0
Spencer Strider,2024,25,ATL,NL,-0.1,0,0,,7.0,2,2,0,0,0,0,9.0,10,7,7,2,5,0,12,0,0,0,42,62,5.05,1.667,10.0,2.0,5.0,12.0,2.4,12500000.0
Spencer Turnbull,2024,31,PHI,NL,1.3,3,0,1.0,2.65,17,7,4,0,0,0,54.1,37,17,16,6,20,0,58,5,0,2,222,159,3.85,1.049,6.1,1.0,3.3,9.6,2.9,0.0
Stephen Kolek,2024,27,SDP,NL,-0.2,3,0,1.0,5.21,42,0,12,0,0,0,46.2,59,30,27,4,12,0,39,3,0,2,211,79,3.57,1.521,11.4,0.8,2.3,7.5,3.25,0.0
Steven Cruz,2024,25,KCR,AL,0.2,0,0,,0.0,5,0,3,0,0,0,5.2,1,0,0,0,0,0,4,0,0,1,18,,1.75,0.176,1.6,0.0,0.0,6.4,,0.0
Steven Matz,2024,33,STL,NL,-0.2,1,2,0.333,5.08,12,7,2,0,0,0,44.1,49,28,25,7,15,1,33,2,0,1,190,82,4.88,1.444,9.9,1.4,3.0,6.7,2.2,11000000.0
Steven Okert,2024,32,MIN,AL,-0.3,3,2,0.6,5.09,44,1,8,0,0,1,35.1,37,22,20,6,16,3,33,3,0,2,160,83,5.12,1.5,9.4,1.5,4.1,8.4,2.06,1200000.0
Taijuan Walker,2024,31,PHI,NL,-1.6,3,7,0.3,7.1,19,15,1,0,0,0,83.2,107,68,66,24,37,0,58,3,0,0,381,59,6.94,1.721,11.5,2.6,4.0,6.2,1.57,18000000.0
Taj Bradley,2024,23,TBR,AL,1.7,8,11,0.421,4.11,25,25,0,0,0,0,138.0,122,68,63,22,47,0,154,3,0,4,578,97,4.09,1.225,8.0,1.4,3.1,10.0,3.28,0.0
Tanner Banks,2024,32,2TM,2LG,0.1,2,3,0.4,3.98,63,2,16,0,0,2,72.1,69,41,32,6,25,2,78,3,0,0,311,105,3.25,1.3,8.6,0.7,3.1,9.7,3.12,0.0
Tanner Bibee,2024,25,CLE,AL,2.7,12,8,0.6,3.47,31,31,0,0,0,0,173.2,150,70,67,22,44,0,187,8,0,2,710,116,3.56,1.117,7.8,1.1,2.3,9.7,4.25,9600000.0
Tanner Gordon,2024,26,COL,NL,-1.1,0,6,0.0,8.65,8,8,0,0,0,0,34.1,53,34,33,10,6,0,26,2,0,0,160,54,6.14,1.718,13.9,2.6,1.6,6.8,4.33,0.0
Tanner Houck,2024,28,BOS,AL,3.5,9,10,0.474,3.12,30,30,0,1,1,0,178.2,156,75,62,11,48,1,154,16,0,2,743,134,3.32,1.142,7.9,0.6,2.4,7.8,3.21,3950000.0
Tanner Rainey,2024,31,WSN,NL,0.1,0,0,,4.76,50,0,30,0,0,0,51.0,47,28,27,8,29,1,44,4,0,5,231,85,5.42,1.49,8.3,1.4,5.1,7.8,1.52,0.0
Tanner Scott,2024,29,2TM,NL,4.0,9,6,0.6,1.75,72,0,41,0,0,22,72.0,45,20,14,3,36,4,84,1,0,0,294,244,2.92,1.125,5.6,0.4,4.5,10.5,2.33,18000000.0
Tarik Skubal,2024,27,DET,AL,6.4,18,4,0.818,2.39,31,31,0,0,0,0,192.0,142,54,51,15,35,0,228,9,0,2,753,170,2.49,0.922,6.7,0.7,1.6,10.7,6.51,10150000.0
Tayler Saucedo,2024,31,SEA,AL,0.4,2,0,1.0,3.49,53,0,11,0,0,3,38.2,35,15,15,3,18,3,38,2,0,1,166,107,3.76,1.371,8.1,0.7,4.2,8.8,2.11,938000.0
Tayler Scott,2024,29,2TM,NL,4.0,9,6,0.6,1.75,72,0,41,0,0,22,72.0,45,20,14,3,36,4,84,1,0,0,294,244,2.92,1.125,5.6,0.4,4.5,10.5,2.33,18000000.0
Taylor Rogers,2024,33,SFG,NL,1.1,1,4,0.2,2.4,64,0,16,0,0,0,60.0,53,22,16,7,22,0,64,2,0,0,249,163,3.75,1.25,8.0,1.1,3.3,9.6,2.91,11000000.0
Tim Herrin,2024,27,CLE,AL,1.7,5,1,0.833,1.92,75,0,6,0,0,0,65.2,39,17,14,2,25,1,68,5,1,3,257,211,2.86,0.975,5.3,0.3,3.4,9.3,2.72,0.0
Tim Hill,2024,34,2TM,AL,0.5,4,0,1.0,3.36,62,0,15,0,0,0,67.0,77,32,25,2,19,2,31,2,0,0,291,122,3.57,1.433,10.3,0.3,2.6,4.2,1.63,2850000.0
Tim Mayza,2024,32,2TM,AL,-1.2,0,2,0.0,6.33,50,0,12,0,0,0,42.2,54,34,30,5,15,2,28,1,0,1,195,65,4.5,1.617,11.4,1.1,3.2,5.9,1.87,1150000.0
Tobias Myers,2024,25,MIL,NL,2.7,9,6,0.6,3.0,27,25,0,0,0,0,138.0,126,52,46,18,36,0,127,5,5,4,569,136,3.91,1.174,8.2,1.2,2.3,8.3,3.53,0.0
Tom Cosgrove,2024,28,SDP,NL,-0.9,0,1,0.0,11.66,18,0,3,0,0,0,14.2,23,19,19,3,6,0,15,4,0,0,76,36,5.83,1.977,14.1,1.8,3.7,9.2,2.5,0.0
Tommy Henry,2024,26,ARI,NL,-0.8,2,3,0.4,7.04,9,7,1,0,0,0,38.1,49,31,30,9,18,0,30,4,0,0,182,60,6.37,1.748,11.5,2.1,4.2,7.0,1.67,0.0
Tommy Kahnle,2024,34,NYY,AL,0.8,0,2,0.0,2.11,50,0,8,0,0,1,42.2,30,16,10,5,19,1,46,2,0,1,179,192,4.01,1.148,6.3,1.1,4.0,9.7,2.42,7750000.0
Tony Santillan,2024,27,CIN,NL,0.7,3,3,0.5,3.0,29,1,2,0,0,0,30.0,21,11,10,4,9,0,46,0,0,1,122,149,2.73,1.0,6.3,1.2,2.7,13.8,5.11,0.0
Touki Toussaint,2024,28,CHW,AL,-0.3,1,2,0.333,7.43,11,0,2,0,0,0,23.0,35,19,19,3,18,0,26,1,0,1,117,57,5.08,2.304,13.7,1.2,7.0,10.2,1.44,0.0
Trent Thornton,2024,30,SEA,AL,0.3,4,3,0.571,3.61,71,0,16,0,0,1,72.1,63,32,29,8,19,1,77,5,0,4,294,103,3.47,1.134,7.8,1.0,2.4,9.6,4.05,2000000.0
Trevor Megill,2024,30,MIL,NL,1.3,1,3,0.25,2.72,48,0,26,0,0,21,46.1,33,16,14,4,14,4,50,1,0,4,183,150,3.1,1.014,6.4,0.8,2.7,9.7,3.57,1940000.0
Trevor Richards,2024,31,2TM,AL,-0.4,2,2,0.5,4.55,55,2,7,0,0,1,65.1,44,36,33,7,35,0,62,2,0,13,277,92,4.36,1.209,6.1,1.0,4.8,8.5,1.77,0.0
Trevor Rogers,2024,26,2TM,2LG,0.9,2,11,0.154,4.92,25,25,0,0,0,0,124.1,140,74,68,14,56,2,97,4,1,1,562,86,4.52,1.576,10.1,1.0,4.1,7.0,1.73,2600000.0
Trevor Williams,2024,32,WSN,NL,2.5,6,1,0.857,2.03,13,13,0,0,0,0,66.2,51,17,15,3,18,0,59,0,1,0,260,199,2.79,1.035,6.9,0.4,2.4,8.0,3.28,7000000.0
Tristan Beck,2024,28,SFG,NL,0.5,0,0,,1.69,7,1,2,0,0,0,16.0,14,3,3,2,4,0,14,1,0,0,67,236,3.98,1.125,7.9,1.1,2.3,7.9,3.5,0.0
Triston McKenzie,2024,26,CLE,AL,-0.5,3,5,0.375,5.11,16,16,0,0,0,0,75.2,69,46,43,19,49,1,74,1,0,5,340,79,6.46,1.559,8.2,2.3,5.8,8.8,1.51,1950000.0
Troy Taylor,2024,22,SEA,AL,0.1,0,0,,3.72,21,0,8,0,0,1,19.1,15,8,8,4,7,0,25,0,0,2,81,101,4.36,1.138,7.0,1.9,3.3,11.6,3.57,0.0
Ty Adcock,2024,27,NYM,NL,-0.4,0,0,,14.54,3,0,1,0,0,0,4.1,7,7,7,4,2,0,3,0,0,0,21,29,15.17,2.077,14.5,8.3,4.2,6.2,1.5,0.0
Tyler Alexander,2024,29,TBR,AL,0.3,6,5,0.545,5.1,23,9,1,0,0,0,107.2,110,61,61,23,24,1,90,5,0,0,455,78,5.08,1.245,9.2,1.9,2.0,7.5,3.75,1000000.0
Tyler Anderson,2024,34,LAA,AL,3.0,10,15,0.4,3.81,31,31,0,0,0,0,179.1,158,83,76,24,73,2,142,7,1,3,765,110,4.66,1.288,7.9,1.2,3.7,7.1,1.95,13000000.0
Tyler Ferguson,2024,30,OAK,AL,0.7,4,2,0.667,3.68,48,0,15,0,0,2,51.1,32,23,21,4,24,2,62,2,1,1,207,108,3.28,1.091,5.6,0.7,4.2,10.9,2.58,0.0
Tyler Gilbert,2024,30,PHI,NL,0.1,0,0,,3.24,6,0,2,0,0,0,8.1,10,3,3,1,2,0,4,1,0,1,38,135,4.85,1.44,10.8,1.1,2.2,4.3,2.0,0.0
Tyler Glasnow,2024,30,LAD,NL,1.9,9,6,0.6,3.49,22,22,0,0,0,0,134.0,92,53,52,15,35,0,168,0,1,12,522,114,2.9,0.948,6.2,1.0,2.4,11.3,4.8,28750000.0
Tyler Holton,2024,28,DET,AL,3.1,7,2,0.778,2.19,66,9,14,0,0,8,94.1,57,25,23,7,17,1,77,4,0,0,354,186,3.17,0.784,5.4,0.7,1.6,7.3,4.53,0.0
Tyler Kinley,2024,33,COL,NL,-0.4,6,1,0.857,6.19,67,0,25,0,0,12,64.0,61,44,44,11,33,2,72,2,0,6,285,75,4.79,1.469,8.6,1.5,4.6,10.1,2.18,2083333.3333333333
Tyler Mahle,2024,29,TEX,AL,0.1,0,1,0.0,4.97,3,3,0,0,0,0,12.2,14,7,7,1,4,0,10,1,0,1,56,80,3.8,1.421,9.9,0.7,2.8,7.1,2.5,11000000.0
Tyler Matzek,2024,33,ATL,NL,-0.5,0,0,,9.9,11,0,1,0,0,0,10.0,16,11,11,3,3,0,10,0,0,2,48,44,5.97,1.9,14.4,2.7,2.7,9.0,3.33,0.0
Tyler Phillips,2024,26,PHI,NL,-0.7,4,1,0.8,6.87,8,7,1,1,1,0,36.2,45,28,28,9,7,0,28,2,0,0,160,61,5.57,1.418,11.0,2.2,1.7,6.9,4.0,0.0
Tyler Rogers,2024,33,SFG,NL,1.5,3,4,0.429,2.82,77,0,13,0,0,1,70.1,67,23,22,7,6,2,51,7,0,1,290,139,3.56,1.038,8.6,0.9,0.8,6.5,8.5,5250000.0
Tyler Zuber,2024,29,TBR,AL,0.1,0,0,,2.7,2,0,0,0,0,0,3.1,3,1,1,1,2,0,4,0,0,0,15,164,6.47,1.5,8.1,2.7,5.4,10.8,2.0,0.0
Tylor Megill,2024,28,NYM,NL,0.5,4,5,0.444,4.04,16,15,0,0,0,0,78.0,70,39,35,8,32,0,91,4,0,4,337,96,3.55,1.308,8.1,0.9,3.7,10.5,2.84,1980000.0
Valente Bellozo,2024,24,MIA,NL,1.6,3,4,0.429,3.67,13,13,0,0,0,0,68.2,69,31,28,15,21,1,44,2,0,0,295,118,5.73,1.311,9.0,2.0,2.8,5.8,2.1,0.0
Victor Mederos,2024,23,LAA,AL,-0.3,0,1,0.0,11.81,4,0,1,0,0,0,5.1,7,7,7,1,6,0,5,0,0,0,27,38,7.1,2.438,11.8,1.7,10.1,8.4,0.83,0.0
Victor Vodnik,2024,24,COL,NL,0.7,5,4,0.556,4.28,64,0,19,0,0,9,73.2,72,37,35,7,37,1,65,1,0,4,320,109,4.18,1.48,8.8,0.9,4.5,7.9,1.76,0.0
Wade Miley,2024,37,MIL,NL,-0.1,0,1,0.0,6.43,2,2,0,0,0,0,7.0,6,5,5,1,4,0,2,1,1,0,30,66,6.59,1.429,7.7,1.3,5.1,2.6,0.5,0.0
Walker Buehler,2024,29,LAD,NL,-1.2,1,6,0.143,5.38,16,16,0,0,0,0,75.1,89,52,45,16,28,0,64,5,0,3,344,74,5.54,1.553,10.6,1.9,3.3,7.6,2.29,21050000.0
Wandy Peralta,2024,32,SDP,NL,0.4,3,2,0.6,3.99,46,0,10,0,0,0,38.1,33,19,17,6,13,0,22,5,0,2,162,104,5.46,1.2,7.7,1.4,3.1,5.2,1.69,3800000.0
Will Klein,2024,24,2TM,AL,-0.3,1,0,1.0,11.05,8,0,2,0,0,0,7.1,12,9,9,0,6,0,7,0,0,1,38,41,3.71,2.455,14.7,0.0,7.4,8.6,1.17,0.0
Will Vest,2024,29,DET,AL,1.5,3,4,0.429,2.82,69,0,14,0,0,2,70.1,61,23,22,3,18,2,63,3,0,4,289,145,2.82,1.123,7.8,0.4,2.3,8.1,3.5,1400000.0
Will Warren,2024,25,NYY,AL,-1.2,0,3,0.0,10.32,6,5,1,0,0,0,22.2,33,27,26,5,10,0,29,1,2,0,110,40,4.93,1.897,13.1,2.0,4.0,11.5,2.9,0.0
Xzavion Curry,2024,25,2TM,2LG,0.2,2,2,0.5,4.64,16,5,3,0,0,0,42.2,38,23,22,8,7,1,28,0,0,1,172,91,4.78,1.055,8.0,1.7,1.5,5.9,4.0,0.0
Yennier Cano,2024,30,BAL,AL,0.9,4,3,0.571,3.15,70,0,12,0,0,5,60.0,54,24,21,6,24,1,65,1,1,0,249,122,3.55,1.3,8.1,0.9,3.6,9.8,2.71,0.0
Yoshinobu Yamamoto,2024,25,LAD,NL,1.8,7,2,0.778,3.0,18,18,0,0,0,0,90.0,78,32,30,7,22,0,105,1,0,2,368,133,2.61,1.111,7.8,0.7,2.2,10.5,4.77,27083333.333333332
Yosver Zulueta,2024,26,CIN,NL,0.1,0,0,,4.96,12,0,6,0,0,0,16.1,15,10,9,2,7,0,20,1,0,1,69,91,3.78,1.347,8.3,1.1,3.9,11.0,2.86,0.0
Yuki Matsui,2024,28,SDP,NL,0.8,4,2,0.667,3.73,64,0,14,0,0,0,62.2,46,27,26,8,27,4,69,0,0,8,257,110,3.92,1.165,6.6,1.1,3.9,9.9,2.56,5600000.0
Yusei Kikuchi,2024,33,2TM,AL,1.4,9,10,0.474,4.05,32,32,0,0,0,0,175.2,167,85,79,25,44,0,206,2,0,4,736,101,3.46,1.201,8.6,1.3,2.3,10.6,4.68,21226666.666666668
Zac Gallen,2024,28,ARI,NL,2.6,14,6,0.7,3.65,28,28,0,0,0,0,148.0,133,62,60,13,54,0,156,4,0,5,621,115,3.38,1.264,8.1,0.8,3.3,9.5,2.89,13500000.0
Zach Brzykcy,2024,24,WSN,NL,-0.3,0,0,,14.29,6,0,1,0,0,0,5.2,9,9,9,2,3,0,4,0,0,0,28,30,7.93,2.118,14.3,3.2,4.8,6.4,1.33,0.0
Zach Eflin,2024,30,2TM,AL,2.7,10,9,0.526,3.59,28,28,0,0,0,0,165.1,166,71,66,22,24,0,134,3,0,2,684,110,3.76,1.149,9.0,1.2,1.3,7.3,5.58,13333333.333333334
Zach Pop,2024,27,TOR,AL,-1.4,2,4,0.333,5.59,58,0,12,0,0,1,48.1,45,36,30,9,19,4,33,2,1,1,209,74,5.52,1.324,8.4,1.7,3.5,6.1,1.74,900000.0
Zack Kelly,2024,29,BOS,AL,0.6,6,3,0.667,3.97,49,3,8,0,0,0,56.2,44,31,25,10,27,3,61,2,1,2,241,106,4.84,1.253,7.0,1.6,4.3,9.7,2.26,0.0
Zack Littell,2024,28,TBR,AL,2.8,8,10,0.444,3.63,29,29,0,0,0,0,156.1,164,68,63,22,31,0,141,5,0,0,656,110,3.88,1.247,9.4,1.3,1.8,8.1,4.55,5720000.0
Zack Wheeler,2024,34,PHI,NL,6.1,16,7,0.696,2.57,32,32,0,0,0,0,200.0,139,62,57,20,52,0,224,8,0,8,787,163,3.13,0.955,6.3,0.9,2.3,10.1,4.31,42000000.0
Zebby Matthews,2024,24,MIN,AL,-0.6,1,4,0.2,6.69,9,9,0,0,0,0,37.2,51,31,28,11,11,0,43,2,0,1,177,63,5.71,1.646,12.2,2.6,2.6,10.3,3.91,0.0
